ISO-10303-21;
HEADER;
/* Generated by software containing ST-Developer
 * from STEP Tools, Inc. (www.steptools.com) 
 */

FILE_DESCRIPTION(
/* description */ ('KiCad electronic assembly'),
/* implementation_level */ '2;1');

FILE_NAME(
/* name */ 'Libre_Assembly.step',
/* time_stamp */ '2026-09-15T21:34:53+05:30',
/* author */ (''),
/* organization */ (''),
/* preprocessor_version */ 'ST-DEVELOPER v20.2',
/* originating_system */ 'Autodesk Translation Framework v15.15.0.0',
/* authorisation */ '');

FILE_SCHEMA (('AUTOMOTIVE_DESIGN { 1 0 10303 214 3 1 1 }'));
ENDSEC;

DATA;
#10=MECHANICAL_DESIGN_GEOMETRIC_PRESENTATION_REPRESENTATION('',(#49,#50,
#51,#52,#53),#2667);
#11=SHAPE_REPRESENTATION_RELATIONSHIP('SRR','None',#2673,#12);
#12=ADVANCED_BREP_SHAPE_REPRESENTATION('',(#54,#55,#56,#57,#58),#2666);
#13=CYLINDRICAL_SURFACE('',#1701,2.5);
#14=CYLINDRICAL_SURFACE('',#1703,3.49999999999998);
#15=CYLINDRICAL_SURFACE('',#1707,2.5);
#16=CYLINDRICAL_SURFACE('',#1709,3.5);
#17=CYLINDRICAL_SURFACE('',#1713,2.5);
#18=CYLINDRICAL_SURFACE('',#1715,3.5);
#19=CYLINDRICAL_SURFACE('',#1719,2.5);
#20=CYLINDRICAL_SURFACE('',#1721,3.5);
#21=CYLINDRICAL_SURFACE('',#1730,3.5);
#22=CYLINDRICAL_SURFACE('',#1733,3.5);
#23=CYLINDRICAL_SURFACE('',#1736,3.5);
#24=CYLINDRICAL_SURFACE('',#1739,3.5);
#25=CIRCLE('',#1694,2.5);
#26=CIRCLE('',#1696,2.5);
#27=CIRCLE('',#1698,2.5);
#28=CIRCLE('',#1700,2.5);
#29=CIRCLE('',#1702,2.5);
#30=CIRCLE('',#1704,3.49999999999998);
#31=CIRCLE('',#1705,3.49999999999998);
#32=CIRCLE('',#1708,2.5);
#33=CIRCLE('',#1710,3.5);
#34=CIRCLE('',#1711,3.5);
#35=CIRCLE('',#1714,2.5);
#36=CIRCLE('',#1716,3.5);
#37=CIRCLE('',#1717,3.5);
#38=CIRCLE('',#1720,2.5);
#39=CIRCLE('',#1722,3.5);
#40=CIRCLE('',#1723,3.5);
#41=CIRCLE('',#1726,3.5);
#42=CIRCLE('',#1727,3.5);
#43=CIRCLE('',#1728,3.5);
#44=CIRCLE('',#1729,3.5);
#45=CIRCLE('',#1731,3.5);
#46=CIRCLE('',#1734,3.5);
#47=CIRCLE('',#1737,3.5);
#48=CIRCLE('',#1740,3.5);
#49=STYLED_ITEM('',(#2682),#54);
#50=STYLED_ITEM('',(#2682),#55);
#51=STYLED_ITEM('',(#2682),#56);
#52=STYLED_ITEM('',(#2682),#57);
#53=STYLED_ITEM('',(#2682),#58);
#54=MANIFOLD_SOLID_BREP('Body1',#1655);
#55=MANIFOLD_SOLID_BREP('Body2',#1656);
#56=MANIFOLD_SOLID_BREP('Body3',#1657);
#57=MANIFOLD_SOLID_BREP('Body4',#1658);
#58=MANIFOLD_SOLID_BREP('Body5',#1659);
#59=FACE_BOUND('',#194,.T.);
#60=FACE_BOUND('',#196,.T.);
#61=FACE_BOUND('',#198,.T.);
#62=FACE_BOUND('',#199,.T.);
#63=FACE_BOUND('',#203,.T.);
#64=FACE_BOUND('',#207,.T.);
#65=FACE_BOUND('',#208,.T.);
#66=FACE_BOUND('',#210,.T.);
#67=FACE_BOUND('',#220,.T.);
#68=FACE_BOUND('',#222,.T.);
#69=FACE_BOUND('',#230,.T.);
#70=FACE_BOUND('',#234,.T.);
#71=FACE_BOUND('',#238,.T.);
#72=FACE_BOUND('',#242,.T.);
#73=FACE_BOUND('',#244,.T.);
#74=FACE_BOUND('',#245,.T.);
#75=FACE_BOUND('',#246,.T.);
#76=FACE_BOUND('',#247,.T.);
#77=FACE_BOUND('',#248,.T.);
#78=FACE_BOUND('',#249,.T.);
#79=FACE_BOUND('',#250,.T.);
#80=FACE_BOUND('',#251,.T.);
#81=FACE_BOUND('',#274,.T.);
#82=FACE_BOUND('',#276,.T.);
#83=FACE_BOUND('',#295,.T.);
#84=FACE_BOUND('',#296,.T.);
#85=FACE_BOUND('',#299,.T.);
#86=FACE_BOUND('',#300,.T.);
#87=FACE_OUTER_BOUND('',#181,.T.);
#88=FACE_OUTER_BOUND('',#182,.T.);
#89=FACE_OUTER_BOUND('',#183,.T.);
#90=FACE_OUTER_BOUND('',#184,.T.);
#91=FACE_OUTER_BOUND('',#185,.T.);
#92=FACE_OUTER_BOUND('',#186,.T.);
#93=FACE_OUTER_BOUND('',#187,.T.);
#94=FACE_OUTER_BOUND('',#188,.T.);
#95=FACE_OUTER_BOUND('',#189,.T.);
#96=FACE_OUTER_BOUND('',#190,.T.);
#97=FACE_OUTER_BOUND('',#191,.T.);
#98=FACE_OUTER_BOUND('',#192,.T.);
#99=FACE_OUTER_BOUND('',#193,.T.);
#100=FACE_OUTER_BOUND('',#195,.T.);
#101=FACE_OUTER_BOUND('',#197,.T.);
#102=FACE_OUTER_BOUND('',#200,.T.);
#103=FACE_OUTER_BOUND('',#201,.T.);
#104=FACE_OUTER_BOUND('',#202,.T.);
#105=FACE_OUTER_BOUND('',#204,.T.);
#106=FACE_OUTER_BOUND('',#205,.T.);
#107=FACE_OUTER_BOUND('',#206,.T.);
#108=FACE_OUTER_BOUND('',#209,.T.);
#109=FACE_OUTER_BOUND('',#211,.T.);
#110=FACE_OUTER_BOUND('',#212,.T.);
#111=FACE_OUTER_BOUND('',#213,.T.);
#112=FACE_OUTER_BOUND('',#214,.T.);
#113=FACE_OUTER_BOUND('',#215,.T.);
#114=FACE_OUTER_BOUND('',#216,.T.);
#115=FACE_OUTER_BOUND('',#217,.T.);
#116=FACE_OUTER_BOUND('',#218,.T.);
#117=FACE_OUTER_BOUND('',#219,.T.);
#118=FACE_OUTER_BOUND('',#221,.T.);
#119=FACE_OUTER_BOUND('',#223,.T.);
#120=FACE_OUTER_BOUND('',#224,.T.);
#121=FACE_OUTER_BOUND('',#225,.T.);
#122=FACE_OUTER_BOUND('',#226,.T.);
#123=FACE_OUTER_BOUND('',#227,.T.);
#124=FACE_OUTER_BOUND('',#228,.T.);
#125=FACE_OUTER_BOUND('',#229,.T.);
#126=FACE_OUTER_BOUND('',#231,.T.);
#127=FACE_OUTER_BOUND('',#232,.T.);
#128=FACE_OUTER_BOUND('',#233,.T.);
#129=FACE_OUTER_BOUND('',#235,.T.);
#130=FACE_OUTER_BOUND('',#236,.T.);
#131=FACE_OUTER_BOUND('',#237,.T.);
#132=FACE_OUTER_BOUND('',#239,.T.);
#133=FACE_OUTER_BOUND('',#240,.T.);
#134=FACE_OUTER_BOUND('',#241,.T.);
#135=FACE_OUTER_BOUND('',#243,.T.);
#136=FACE_OUTER_BOUND('',#252,.T.);
#137=FACE_OUTER_BOUND('',#253,.T.);
#138=FACE_OUTER_BOUND('',#254,.T.);
#139=FACE_OUTER_BOUND('',#255,.T.);
#140=FACE_OUTER_BOUND('',#256,.T.);
#141=FACE_OUTER_BOUND('',#257,.T.);
#142=FACE_OUTER_BOUND('',#258,.T.);
#143=FACE_OUTER_BOUND('',#259,.T.);
#144=FACE_OUTER_BOUND('',#260,.T.);
#145=FACE_OUTER_BOUND('',#261,.T.);
#146=FACE_OUTER_BOUND('',#262,.T.);
#147=FACE_OUTER_BOUND('',#263,.T.);
#148=FACE_OUTER_BOUND('',#264,.T.);
#149=FACE_OUTER_BOUND('',#265,.T.);
#150=FACE_OUTER_BOUND('',#266,.T.);
#151=FACE_OUTER_BOUND('',#267,.T.);
#152=FACE_OUTER_BOUND('',#268,.T.);
#153=FACE_OUTER_BOUND('',#269,.T.);
#154=FACE_OUTER_BOUND('',#270,.T.);
#155=FACE_OUTER_BOUND('',#271,.T.);
#156=FACE_OUTER_BOUND('',#272,.T.);
#157=FACE_OUTER_BOUND('',#273,.T.);
#158=FACE_OUTER_BOUND('',#275,.T.);
#159=FACE_OUTER_BOUND('',#277,.T.);
#160=FACE_OUTER_BOUND('',#278,.T.);
#161=FACE_OUTER_BOUND('',#279,.T.);
#162=FACE_OUTER_BOUND('',#280,.T.);
#163=FACE_OUTER_BOUND('',#281,.T.);
#164=FACE_OUTER_BOUND('',#282,.T.);
#165=FACE_OUTER_BOUND('',#283,.T.);
#166=FACE_OUTER_BOUND('',#284,.T.);
#167=FACE_OUTER_BOUND('',#285,.T.);
#168=FACE_OUTER_BOUND('',#286,.T.);
#169=FACE_OUTER_BOUND('',#287,.T.);
#170=FACE_OUTER_BOUND('',#288,.T.);
#171=FACE_OUTER_BOUND('',#289,.T.);
#172=FACE_OUTER_BOUND('',#290,.T.);
#173=FACE_OUTER_BOUND('',#291,.T.);
#174=FACE_OUTER_BOUND('',#292,.T.);
#175=FACE_OUTER_BOUND('',#293,.T.);
#176=FACE_OUTER_BOUND('',#294,.T.);
#177=FACE_OUTER_BOUND('',#297,.T.);
#178=FACE_OUTER_BOUND('',#298,.T.);
#179=FACE_OUTER_BOUND('',#301,.T.);
#180=FACE_OUTER_BOUND('',#302,.T.);
#181=EDGE_LOOP('',(#1047,#1048,#1049,#1050));
#182=EDGE_LOOP('',(#1051,#1052,#1053,#1054));
#183=EDGE_LOOP('',(#1055,#1056,#1057,#1058));
#184=EDGE_LOOP('',(#1059,#1060,#1061,#1062));
#185=EDGE_LOOP('',(#1063,#1064,#1065,#1066));
#186=EDGE_LOOP('',(#1067,#1068,#1069,#1070));
#187=EDGE_LOOP('',(#1071,#1072,#1073,#1074));
#188=EDGE_LOOP('',(#1075,#1076,#1077,#1078));
#189=EDGE_LOOP('',(#1079,#1080,#1081,#1082));
#190=EDGE_LOOP('',(#1083,#1084,#1085,#1086));
#191=EDGE_LOOP('',(#1087,#1088,#1089,#1090));
#192=EDGE_LOOP('',(#1091,#1092,#1093,#1094));
#193=EDGE_LOOP('',(#1095,#1096,#1097,#1098));
#194=EDGE_LOOP('',(#1099,#1100,#1101,#1102));
#195=EDGE_LOOP('',(#1103,#1104,#1105,#1106));
#196=EDGE_LOOP('',(#1107,#1108,#1109,#1110));
#197=EDGE_LOOP('',(#1111,#1112,#1113,#1114));
#198=EDGE_LOOP('',(#1115,#1116,#1117,#1118));
#199=EDGE_LOOP('',(#1119,#1120,#1121,#1122));
#200=EDGE_LOOP('',(#1123,#1124,#1125,#1126));
#201=EDGE_LOOP('',(#1127,#1128,#1129,#1130));
#202=EDGE_LOOP('',(#1131,#1132,#1133,#1134));
#203=EDGE_LOOP('',(#1135,#1136,#1137,#1138));
#204=EDGE_LOOP('',(#1139,#1140,#1141,#1142));
#205=EDGE_LOOP('',(#1143,#1144,#1145,#1146));
#206=EDGE_LOOP('',(#1147,#1148,#1149,#1150));
#207=EDGE_LOOP('',(#1151,#1152,#1153,#1154));
#208=EDGE_LOOP('',(#1155,#1156,#1157,#1158));
#209=EDGE_LOOP('',(#1159,#1160,#1161,#1162));
#210=EDGE_LOOP('',(#1163,#1164,#1165,#1166));
#211=EDGE_LOOP('',(#1167,#1168,#1169,#1170));
#212=EDGE_LOOP('',(#1171,#1172,#1173,#1174));
#213=EDGE_LOOP('',(#1175,#1176,#1177,#1178));
#214=EDGE_LOOP('',(#1179,#1180,#1181,#1182));
#215=EDGE_LOOP('',(#1183,#1184,#1185,#1186));
#216=EDGE_LOOP('',(#1187,#1188,#1189,#1190));
#217=EDGE_LOOP('',(#1191,#1192,#1193,#1194));
#218=EDGE_LOOP('',(#1195,#1196,#1197,#1198));
#219=EDGE_LOOP('',(#1199,#1200,#1201,#1202));
#220=EDGE_LOOP('',(#1203,#1204,#1205,#1206));
#221=EDGE_LOOP('',(#1207,#1208,#1209,#1210));
#222=EDGE_LOOP('',(#1211,#1212,#1213,#1214));
#223=EDGE_LOOP('',(#1215));
#224=EDGE_LOOP('',(#1216));
#225=EDGE_LOOP('',(#1217));
#226=EDGE_LOOP('',(#1218));
#227=EDGE_LOOP('',(#1219,#1220,#1221,#1222));
#228=EDGE_LOOP('',(#1223,#1224,#1225,#1226));
#229=EDGE_LOOP('',(#1227));
#230=EDGE_LOOP('',(#1228));
#231=EDGE_LOOP('',(#1229,#1230,#1231,#1232));
#232=EDGE_LOOP('',(#1233,#1234,#1235,#1236));
#233=EDGE_LOOP('',(#1237));
#234=EDGE_LOOP('',(#1238));
#235=EDGE_LOOP('',(#1239,#1240,#1241,#1242));
#236=EDGE_LOOP('',(#1243,#1244,#1245,#1246));
#237=EDGE_LOOP('',(#1247));
#238=EDGE_LOOP('',(#1248));
#239=EDGE_LOOP('',(#1249,#1250,#1251,#1252));
#240=EDGE_LOOP('',(#1253,#1254,#1255,#1256));
#241=EDGE_LOOP('',(#1257));
#242=EDGE_LOOP('',(#1258));
#243=EDGE_LOOP('',(#1259,#1260,#1261,#1262));
#244=EDGE_LOOP('',(#1263));
#245=EDGE_LOOP('',(#1264));
#246=EDGE_LOOP('',(#1265));
#247=EDGE_LOOP('',(#1266));
#248=EDGE_LOOP('',(#1267));
#249=EDGE_LOOP('',(#1268));
#250=EDGE_LOOP('',(#1269));
#251=EDGE_LOOP('',(#1270));
#252=EDGE_LOOP('',(#1271,#1272,#1273,#1274));
#253=EDGE_LOOP('',(#1275));
#254=EDGE_LOOP('',(#1276,#1277,#1278,#1279));
#255=EDGE_LOOP('',(#1280));
#256=EDGE_LOOP('',(#1281,#1282,#1283,#1284));
#257=EDGE_LOOP('',(#1285));
#258=EDGE_LOOP('',(#1286,#1287,#1288,#1289));
#259=EDGE_LOOP('',(#1290));
#260=EDGE_LOOP('',(#1291,#1292,#1293,#1294));
#261=EDGE_LOOP('',(#1295,#1296,#1297,#1298));
#262=EDGE_LOOP('',(#1299,#1300,#1301,#1302));
#263=EDGE_LOOP('',(#1303,#1304,#1305,#1306));
#264=EDGE_LOOP('',(#1307,#1308,#1309,#1310));
#265=EDGE_LOOP('',(#1311,#1312,#1313,#1314));
#266=EDGE_LOOP('',(#1315,#1316,#1317,#1318));
#267=EDGE_LOOP('',(#1319,#1320,#1321,#1322));
#268=EDGE_LOOP('',(#1323,#1324,#1325,#1326));
#269=EDGE_LOOP('',(#1327,#1328,#1329,#1330));
#270=EDGE_LOOP('',(#1331,#1332,#1333,#1334));
#271=EDGE_LOOP('',(#1335,#1336,#1337,#1338));
#272=EDGE_LOOP('',(#1339,#1340,#1341,#1342));
#273=EDGE_LOOP('',(#1343,#1344,#1345,#1346));
#274=EDGE_LOOP('',(#1347,#1348,#1349,#1350));
#275=EDGE_LOOP('',(#1351,#1352,#1353,#1354));
#276=EDGE_LOOP('',(#1355,#1356,#1357,#1358));
#277=EDGE_LOOP('',(#1359,#1360,#1361,#1362));
#278=EDGE_LOOP('',(#1363,#1364,#1365,#1366));
#279=EDGE_LOOP('',(#1367,#1368,#1369,#1370));
#280=EDGE_LOOP('',(#1371,#1372,#1373,#1374));
#281=EDGE_LOOP('',(#1375,#1376,#1377,#1378));
#282=EDGE_LOOP('',(#1379,#1380,#1381,#1382));
#283=EDGE_LOOP('',(#1383,#1384,#1385,#1386));
#284=EDGE_LOOP('',(#1387,#1388,#1389,#1390));
#285=EDGE_LOOP('',(#1391,#1392,#1393,#1394));
#286=EDGE_LOOP('',(#1395,#1396,#1397,#1398));
#287=EDGE_LOOP('',(#1399,#1400,#1401,#1402));
#288=EDGE_LOOP('',(#1403,#1404,#1405,#1406));
#289=EDGE_LOOP('',(#1407,#1408,#1409,#1410));
#290=EDGE_LOOP('',(#1411,#1412,#1413,#1414));
#291=EDGE_LOOP('',(#1415,#1416,#1417,#1418));
#292=EDGE_LOOP('',(#1419,#1420,#1421,#1422));
#293=EDGE_LOOP('',(#1423,#1424,#1425,#1426));
#294=EDGE_LOOP('',(#1427,#1428,#1429,#1430));
#295=EDGE_LOOP('',(#1431,#1432,#1433,#1434,#1435,#1436,#1437,#1438,#1439,
#1440,#1441,#1442));
#296=EDGE_LOOP('',(#1443,#1444,#1445,#1446));
#297=EDGE_LOOP('',(#1447,#1448,#1449,#1450));
#298=EDGE_LOOP('',(#1451,#1452,#1453,#1454));
#299=EDGE_LOOP('',(#1455,#1456,#1457,#1458,#1459,#1460,#1461,#1462,#1463,
#1464,#1465,#1466));
#300=EDGE_LOOP('',(#1467,#1468,#1469,#1470));
#301=EDGE_LOOP('',(#1471,#1472,#1473,#1474));
#302=EDGE_LOOP('',(#1475,#1476,#1477,#1478));
#303=LINE('',#2213,#495);
#304=LINE('',#2215,#496);
#305=LINE('',#2217,#497);
#306=LINE('',#2218,#498);
#307=LINE('',#2221,#499);
#308=LINE('',#2223,#500);
#309=LINE('',#2224,#501);
#310=LINE('',#2227,#502);
#311=LINE('',#2229,#503);
#312=LINE('',#2230,#504);
#313=LINE('',#2232,#505);
#314=LINE('',#2233,#506);
#315=LINE('',#2237,#507);
#316=LINE('',#2239,#508);
#317=LINE('',#2241,#509);
#318=LINE('',#2242,#510);
#319=LINE('',#2245,#511);
#320=LINE('',#2247,#512);
#321=LINE('',#2248,#513);
#322=LINE('',#2251,#514);
#323=LINE('',#2253,#515);
#324=LINE('',#2254,#516);
#325=LINE('',#2256,#517);
#326=LINE('',#2257,#518);
#327=LINE('',#2261,#519);
#328=LINE('',#2263,#520);
#329=LINE('',#2265,#521);
#330=LINE('',#2266,#522);
#331=LINE('',#2269,#523);
#332=LINE('',#2271,#524);
#333=LINE('',#2272,#525);
#334=LINE('',#2275,#526);
#335=LINE('',#2277,#527);
#336=LINE('',#2278,#528);
#337=LINE('',#2280,#529);
#338=LINE('',#2281,#530);
#339=LINE('',#2285,#531);
#340=LINE('',#2287,#532);
#341=LINE('',#2289,#533);
#342=LINE('',#2290,#534);
#343=LINE('',#2293,#535);
#344=LINE('',#2295,#536);
#345=LINE('',#2297,#537);
#346=LINE('',#2298,#538);
#347=LINE('',#2301,#539);
#348=LINE('',#2303,#540);
#349=LINE('',#2304,#541);
#350=LINE('',#2307,#542);
#351=LINE('',#2308,#543);
#352=LINE('',#2311,#544);
#353=LINE('',#2312,#545);
#354=LINE('',#2314,#546);
#355=LINE('',#2317,#547);
#356=LINE('',#2319,#548);
#357=LINE('',#2320,#549);
#358=LINE('',#2323,#550);
#359=LINE('',#2324,#551);
#360=LINE('',#2327,#552);
#361=LINE('',#2328,#553);
#362=LINE('',#2330,#554);
#363=LINE('',#2335,#555);
#364=LINE('',#2337,#556);
#365=LINE('',#2339,#557);
#366=LINE('',#2340,#558);
#367=LINE('',#2343,#559);
#368=LINE('',#2345,#560);
#369=LINE('',#2346,#561);
#370=LINE('',#2349,#562);
#371=LINE('',#2351,#563);
#372=LINE('',#2352,#564);
#373=LINE('',#2354,#565);
#374=LINE('',#2355,#566);
#375=LINE('',#2359,#567);
#376=LINE('',#2361,#568);
#377=LINE('',#2363,#569);
#378=LINE('',#2364,#570);
#379=LINE('',#2367,#571);
#380=LINE('',#2369,#572);
#381=LINE('',#2370,#573);
#382=LINE('',#2373,#574);
#383=LINE('',#2375,#575);
#384=LINE('',#2376,#576);
#385=LINE('',#2378,#577);
#386=LINE('',#2379,#578);
#387=LINE('',#2397,#579);
#388=LINE('',#2402,#580);
#389=LINE('',#2408,#581);
#390=LINE('',#2413,#582);
#391=LINE('',#2419,#583);
#392=LINE('',#2424,#584);
#393=LINE('',#2430,#585);
#394=LINE('',#2435,#586);
#395=LINE('',#2441,#587);
#396=LINE('',#2443,#588);
#397=LINE('',#2445,#589);
#398=LINE('',#2446,#590);
#399=LINE('',#2458,#591);
#400=LINE('',#2463,#592);
#401=LINE('',#2468,#593);
#402=LINE('',#2473,#594);
#403=LINE('',#2477,#595);
#404=LINE('',#2479,#596);
#405=LINE('',#2480,#597);
#406=LINE('',#2483,#598);
#407=LINE('',#2485,#599);
#408=LINE('',#2486,#600);
#409=LINE('',#2488,#601);
#410=LINE('',#2489,#602);
#411=LINE('',#2495,#603);
#412=LINE('',#2497,#604);
#413=LINE('',#2499,#605);
#414=LINE('',#2500,#606);
#415=LINE('',#2503,#607);
#416=LINE('',#2505,#608);
#417=LINE('',#2506,#609);
#418=LINE('',#2509,#610);
#419=LINE('',#2511,#611);
#420=LINE('',#2512,#612);
#421=LINE('',#2514,#613);
#422=LINE('',#2515,#614);
#423=LINE('',#2519,#615);
#424=LINE('',#2521,#616);
#425=LINE('',#2523,#617);
#426=LINE('',#2524,#618);
#427=LINE('',#2527,#619);
#428=LINE('',#2529,#620);
#429=LINE('',#2530,#621);
#430=LINE('',#2533,#622);
#431=LINE('',#2535,#623);
#432=LINE('',#2536,#624);
#433=LINE('',#2538,#625);
#434=LINE('',#2539,#626);
#435=LINE('',#2545,#627);
#436=LINE('',#2547,#628);
#437=LINE('',#2549,#629);
#438=LINE('',#2550,#630);
#439=LINE('',#2553,#631);
#440=LINE('',#2555,#632);
#441=LINE('',#2556,#633);
#442=LINE('',#2559,#634);
#443=LINE('',#2561,#635);
#444=LINE('',#2562,#636);
#445=LINE('',#2565,#637);
#446=LINE('',#2567,#638);
#447=LINE('',#2568,#639);
#448=LINE('',#2571,#640);
#449=LINE('',#2573,#641);
#450=LINE('',#2574,#642);
#451=LINE('',#2577,#643);
#452=LINE('',#2579,#644);
#453=LINE('',#2580,#645);
#454=LINE('',#2583,#646);
#455=LINE('',#2585,#647);
#456=LINE('',#2586,#648);
#457=LINE('',#2589,#649);
#458=LINE('',#2591,#650);
#459=LINE('',#2592,#651);
#460=LINE('',#2595,#652);
#461=LINE('',#2597,#653);
#462=LINE('',#2598,#654);
#463=LINE('',#2601,#655);
#464=LINE('',#2603,#656);
#465=LINE('',#2604,#657);
#466=LINE('',#2607,#658);
#467=LINE('',#2609,#659);
#468=LINE('',#2610,#660);
#469=LINE('',#2612,#661);
#470=LINE('',#2613,#662);
#471=LINE('',#2617,#663);
#472=LINE('',#2619,#664);
#473=LINE('',#2621,#665);
#474=LINE('',#2622,#666);
#475=LINE('',#2625,#667);
#476=LINE('',#2627,#668);
#477=LINE('',#2628,#669);
#478=LINE('',#2631,#670);
#479=LINE('',#2633,#671);
#480=LINE('',#2634,#672);
#481=LINE('',#2636,#673);
#482=LINE('',#2637,#674);
#483=LINE('',#2641,#675);
#484=LINE('',#2643,#676);
#485=LINE('',#2645,#677);
#486=LINE('',#2646,#678);
#487=LINE('',#2649,#679);
#488=LINE('',#2651,#680);
#489=LINE('',#2652,#681);
#490=LINE('',#2655,#682);
#491=LINE('',#2657,#683);
#492=LINE('',#2658,#684);
#493=LINE('',#2660,#685);
#494=LINE('',#2661,#686);
#495=VECTOR('',#1783,10.);
#496=VECTOR('',#1784,10.);
#497=VECTOR('',#1785,10.);
#498=VECTOR('',#1786,10.);
#499=VECTOR('',#1789,10.);
#500=VECTOR('',#1790,10.);
#501=VECTOR('',#1791,10.);
#502=VECTOR('',#1794,10.);
#503=VECTOR('',#1795,10.);
#504=VECTOR('',#1796,10.);
#505=VECTOR('',#1799,10.);
#506=VECTOR('',#1800,10.);
#507=VECTOR('',#1803,10.);
#508=VECTOR('',#1804,10.);
#509=VECTOR('',#1805,10.);
#510=VECTOR('',#1806,10.);
#511=VECTOR('',#1809,10.);
#512=VECTOR('',#1810,10.);
#513=VECTOR('',#1811,10.);
#514=VECTOR('',#1814,10.);
#515=VECTOR('',#1815,10.);
#516=VECTOR('',#1816,10.);
#517=VECTOR('',#1819,10.);
#518=VECTOR('',#1820,10.);
#519=VECTOR('',#1823,10.);
#520=VECTOR('',#1824,10.);
#521=VECTOR('',#1825,10.);
#522=VECTOR('',#1826,10.);
#523=VECTOR('',#1829,10.);
#524=VECTOR('',#1830,10.);
#525=VECTOR('',#1831,10.);
#526=VECTOR('',#1834,10.);
#527=VECTOR('',#1835,10.);
#528=VECTOR('',#1836,10.);
#529=VECTOR('',#1839,10.);
#530=VECTOR('',#1840,10.);
#531=VECTOR('',#1843,10.);
#532=VECTOR('',#1844,10.);
#533=VECTOR('',#1845,10.);
#534=VECTOR('',#1846,10.);
#535=VECTOR('',#1847,10.);
#536=VECTOR('',#1848,10.);
#537=VECTOR('',#1849,10.);
#538=VECTOR('',#1850,10.);
#539=VECTOR('',#1853,10.);
#540=VECTOR('',#1854,10.);
#541=VECTOR('',#1855,10.);
#542=VECTOR('',#1858,10.);
#543=VECTOR('',#1859,10.);
#544=VECTOR('',#1862,10.);
#545=VECTOR('',#1863,10.);
#546=VECTOR('',#1866,10.);
#547=VECTOR('',#1869,10.);
#548=VECTOR('',#1870,10.);
#549=VECTOR('',#1871,10.);
#550=VECTOR('',#1874,10.);
#551=VECTOR('',#1875,10.);
#552=VECTOR('',#1878,10.);
#553=VECTOR('',#1879,10.);
#554=VECTOR('',#1882,10.);
#555=VECTOR('',#1887,10.);
#556=VECTOR('',#1888,10.);
#557=VECTOR('',#1889,10.);
#558=VECTOR('',#1890,10.);
#559=VECTOR('',#1893,10.);
#560=VECTOR('',#1894,10.);
#561=VECTOR('',#1895,10.);
#562=VECTOR('',#1898,10.);
#563=VECTOR('',#1899,10.);
#564=VECTOR('',#1900,10.);
#565=VECTOR('',#1903,10.);
#566=VECTOR('',#1904,10.);
#567=VECTOR('',#1907,10.);
#568=VECTOR('',#1908,10.);
#569=VECTOR('',#1909,10.);
#570=VECTOR('',#1910,10.);
#571=VECTOR('',#1913,10.);
#572=VECTOR('',#1914,10.);
#573=VECTOR('',#1915,10.);
#574=VECTOR('',#1918,10.);
#575=VECTOR('',#1919,10.);
#576=VECTOR('',#1920,10.);
#577=VECTOR('',#1923,10.);
#578=VECTOR('',#1924,10.);
#579=VECTOR('',#1949,2.5);
#580=VECTOR('',#1954,3.49999999999998);
#581=VECTOR('',#1963,2.5);
#582=VECTOR('',#1968,3.5);
#583=VECTOR('',#1977,2.5);
#584=VECTOR('',#1982,3.5);
#585=VECTOR('',#1991,2.5);
#586=VECTOR('',#1996,3.5);
#587=VECTOR('',#2003,10.);
#588=VECTOR('',#2004,10.);
#589=VECTOR('',#2005,10.);
#590=VECTOR('',#2006,10.);
#591=VECTOR('',#2019,3.5);
#592=VECTOR('',#2026,3.5);
#593=VECTOR('',#2033,3.5);
#594=VECTOR('',#2040,3.5);
#595=VECTOR('',#2045,10.);
#596=VECTOR('',#2046,10.);
#597=VECTOR('',#2047,10.);
#598=VECTOR('',#2050,10.);
#599=VECTOR('',#2051,10.);
#600=VECTOR('',#2052,10.);
#601=VECTOR('',#2055,10.);
#602=VECTOR('',#2056,10.);
#603=VECTOR('',#2063,10.);
#604=VECTOR('',#2064,10.);
#605=VECTOR('',#2065,10.);
#606=VECTOR('',#2066,10.);
#607=VECTOR('',#2069,10.);
#608=VECTOR('',#2070,10.);
#609=VECTOR('',#2071,10.);
#610=VECTOR('',#2074,10.);
#611=VECTOR('',#2075,10.);
#612=VECTOR('',#2076,10.);
#613=VECTOR('',#2079,10.);
#614=VECTOR('',#2080,10.);
#615=VECTOR('',#2083,10.);
#616=VECTOR('',#2084,10.);
#617=VECTOR('',#2085,10.);
#618=VECTOR('',#2086,10.);
#619=VECTOR('',#2089,10.);
#620=VECTOR('',#2090,10.);
#621=VECTOR('',#2091,10.);
#622=VECTOR('',#2094,10.);
#623=VECTOR('',#2095,10.);
#624=VECTOR('',#2096,10.);
#625=VECTOR('',#2099,10.);
#626=VECTOR('',#2100,10.);
#627=VECTOR('',#2107,10.);
#628=VECTOR('',#2108,10.);
#629=VECTOR('',#2109,10.);
#630=VECTOR('',#2110,10.);
#631=VECTOR('',#2113,10.);
#632=VECTOR('',#2114,10.);
#633=VECTOR('',#2115,10.);
#634=VECTOR('',#2118,10.);
#635=VECTOR('',#2119,10.);
#636=VECTOR('',#2120,10.);
#637=VECTOR('',#2123,10.);
#638=VECTOR('',#2124,10.);
#639=VECTOR('',#2125,10.);
#640=VECTOR('',#2128,10.);
#641=VECTOR('',#2129,10.);
#642=VECTOR('',#2130,10.);
#643=VECTOR('',#2133,10.);
#644=VECTOR('',#2134,10.);
#645=VECTOR('',#2135,10.);
#646=VECTOR('',#2138,10.);
#647=VECTOR('',#2139,10.);
#648=VECTOR('',#2140,10.);
#649=VECTOR('',#2143,10.);
#650=VECTOR('',#2144,10.);
#651=VECTOR('',#2145,10.);
#652=VECTOR('',#2148,10.);
#653=VECTOR('',#2149,10.);
#654=VECTOR('',#2150,10.);
#655=VECTOR('',#2153,10.);
#656=VECTOR('',#2154,10.);
#657=VECTOR('',#2155,10.);
#658=VECTOR('',#2158,10.);
#659=VECTOR('',#2159,10.);
#660=VECTOR('',#2160,10.);
#661=VECTOR('',#2163,10.);
#662=VECTOR('',#2164,10.);
#663=VECTOR('',#2167,10.);
#664=VECTOR('',#2168,10.);
#665=VECTOR('',#2169,10.);
#666=VECTOR('',#2170,10.);
#667=VECTOR('',#2173,10.);
#668=VECTOR('',#2174,10.);
#669=VECTOR('',#2175,10.);
#670=VECTOR('',#2178,10.);
#671=VECTOR('',#2179,10.);
#672=VECTOR('',#2180,10.);
#673=VECTOR('',#2183,10.);
#674=VECTOR('',#2184,10.);
#675=VECTOR('',#2187,10.);
#676=VECTOR('',#2188,10.);
#677=VECTOR('',#2189,10.);
#678=VECTOR('',#2190,10.);
#679=VECTOR('',#2193,10.);
#680=VECTOR('',#2194,10.);
#681=VECTOR('',#2195,10.);
#682=VECTOR('',#2198,10.);
#683=VECTOR('',#2199,10.);
#684=VECTOR('',#2200,10.);
#685=VECTOR('',#2203,10.);
#686=VECTOR('',#2204,10.);
#687=VERTEX_POINT('',#2211);
#688=VERTEX_POINT('',#2212);
#689=VERTEX_POINT('',#2214);
#690=VERTEX_POINT('',#2216);
#691=VERTEX_POINT('',#2220);
#692=VERTEX_POINT('',#2222);
#693=VERTEX_POINT('',#2226);
#694=VERTEX_POINT('',#2228);
#695=VERTEX_POINT('',#2235);
#696=VERTEX_POINT('',#2236);
#697=VERTEX_POINT('',#2238);
#698=VERTEX_POINT('',#2240);
#699=VERTEX_POINT('',#2244);
#700=VERTEX_POINT('',#2246);
#701=VERTEX_POINT('',#2250);
#702=VERTEX_POINT('',#2252);
#703=VERTEX_POINT('',#2259);
#704=VERTEX_POINT('',#2260);
#705=VERTEX_POINT('',#2262);
#706=VERTEX_POINT('',#2264);
#707=VERTEX_POINT('',#2268);
#708=VERTEX_POINT('',#2270);
#709=VERTEX_POINT('',#2274);
#710=VERTEX_POINT('',#2276);
#711=VERTEX_POINT('',#2283);
#712=VERTEX_POINT('',#2284);
#713=VERTEX_POINT('',#2286);
#714=VERTEX_POINT('',#2288);
#715=VERTEX_POINT('',#2291);
#716=VERTEX_POINT('',#2292);
#717=VERTEX_POINT('',#2294);
#718=VERTEX_POINT('',#2296);
#719=VERTEX_POINT('',#2300);
#720=VERTEX_POINT('',#2302);
#721=VERTEX_POINT('',#2306);
#722=VERTEX_POINT('',#2310);
#723=VERTEX_POINT('',#2316);
#724=VERTEX_POINT('',#2318);
#725=VERTEX_POINT('',#2322);
#726=VERTEX_POINT('',#2326);
#727=VERTEX_POINT('',#2333);
#728=VERTEX_POINT('',#2334);
#729=VERTEX_POINT('',#2336);
#730=VERTEX_POINT('',#2338);
#731=VERTEX_POINT('',#2342);
#732=VERTEX_POINT('',#2344);
#733=VERTEX_POINT('',#2348);
#734=VERTEX_POINT('',#2350);
#735=VERTEX_POINT('',#2357);
#736=VERTEX_POINT('',#2358);
#737=VERTEX_POINT('',#2360);
#738=VERTEX_POINT('',#2362);
#739=VERTEX_POINT('',#2366);
#740=VERTEX_POINT('',#2368);
#741=VERTEX_POINT('',#2372);
#742=VERTEX_POINT('',#2374);
#743=VERTEX_POINT('',#2383);
#744=VERTEX_POINT('',#2386);
#745=VERTEX_POINT('',#2389);
#746=VERTEX_POINT('',#2392);
#747=VERTEX_POINT('',#2395);
#748=VERTEX_POINT('',#2399);
#749=VERTEX_POINT('',#2401);
#750=VERTEX_POINT('',#2406);
#751=VERTEX_POINT('',#2410);
#752=VERTEX_POINT('',#2412);
#753=VERTEX_POINT('',#2417);
#754=VERTEX_POINT('',#2421);
#755=VERTEX_POINT('',#2423);
#756=VERTEX_POINT('',#2428);
#757=VERTEX_POINT('',#2432);
#758=VERTEX_POINT('',#2434);
#759=VERTEX_POINT('',#2439);
#760=VERTEX_POINT('',#2440);
#761=VERTEX_POINT('',#2442);
#762=VERTEX_POINT('',#2444);
#763=VERTEX_POINT('',#2447);
#764=VERTEX_POINT('',#2449);
#765=VERTEX_POINT('',#2451);
#766=VERTEX_POINT('',#2453);
#767=VERTEX_POINT('',#2456);
#768=VERTEX_POINT('',#2461);
#769=VERTEX_POINT('',#2466);
#770=VERTEX_POINT('',#2471);
#771=VERTEX_POINT('',#2476);
#772=VERTEX_POINT('',#2478);
#773=VERTEX_POINT('',#2482);
#774=VERTEX_POINT('',#2484);
#775=VERTEX_POINT('',#2493);
#776=VERTEX_POINT('',#2494);
#777=VERTEX_POINT('',#2496);
#778=VERTEX_POINT('',#2498);
#779=VERTEX_POINT('',#2502);
#780=VERTEX_POINT('',#2504);
#781=VERTEX_POINT('',#2508);
#782=VERTEX_POINT('',#2510);
#783=VERTEX_POINT('',#2517);
#784=VERTEX_POINT('',#2518);
#785=VERTEX_POINT('',#2520);
#786=VERTEX_POINT('',#2522);
#787=VERTEX_POINT('',#2526);
#788=VERTEX_POINT('',#2528);
#789=VERTEX_POINT('',#2532);
#790=VERTEX_POINT('',#2534);
#791=VERTEX_POINT('',#2543);
#792=VERTEX_POINT('',#2544);
#793=VERTEX_POINT('',#2546);
#794=VERTEX_POINT('',#2548);
#795=VERTEX_POINT('',#2552);
#796=VERTEX_POINT('',#2554);
#797=VERTEX_POINT('',#2558);
#798=VERTEX_POINT('',#2560);
#799=VERTEX_POINT('',#2564);
#800=VERTEX_POINT('',#2566);
#801=VERTEX_POINT('',#2570);
#802=VERTEX_POINT('',#2572);
#803=VERTEX_POINT('',#2576);
#804=VERTEX_POINT('',#2578);
#805=VERTEX_POINT('',#2582);
#806=VERTEX_POINT('',#2584);
#807=VERTEX_POINT('',#2588);
#808=VERTEX_POINT('',#2590);
#809=VERTEX_POINT('',#2594);
#810=VERTEX_POINT('',#2596);
#811=VERTEX_POINT('',#2600);
#812=VERTEX_POINT('',#2602);
#813=VERTEX_POINT('',#2606);
#814=VERTEX_POINT('',#2608);
#815=VERTEX_POINT('',#2615);
#816=VERTEX_POINT('',#2616);
#817=VERTEX_POINT('',#2618);
#818=VERTEX_POINT('',#2620);
#819=VERTEX_POINT('',#2624);
#820=VERTEX_POINT('',#2626);
#821=VERTEX_POINT('',#2630);
#822=VERTEX_POINT('',#2632);
#823=VERTEX_POINT('',#2639);
#824=VERTEX_POINT('',#2640);
#825=VERTEX_POINT('',#2642);
#826=VERTEX_POINT('',#2644);
#827=VERTEX_POINT('',#2648);
#828=VERTEX_POINT('',#2650);
#829=VERTEX_POINT('',#2654);
#830=VERTEX_POINT('',#2656);
#831=EDGE_CURVE('',#687,#688,#303,.T.);
#832=EDGE_CURVE('',#689,#687,#304,.T.);
#833=EDGE_CURVE('',#690,#689,#305,.T.);
#834=EDGE_CURVE('',#690,#688,#306,.T.);
#835=EDGE_CURVE('',#688,#691,#307,.T.);
#836=EDGE_CURVE('',#692,#690,#308,.T.);
#837=EDGE_CURVE('',#692,#691,#309,.T.);
#838=EDGE_CURVE('',#691,#693,#310,.T.);
#839=EDGE_CURVE('',#694,#692,#311,.T.);
#840=EDGE_CURVE('',#694,#693,#312,.T.);
#841=EDGE_CURVE('',#693,#687,#313,.T.);
#842=EDGE_CURVE('',#689,#694,#314,.T.);
#843=EDGE_CURVE('',#695,#696,#315,.T.);
#844=EDGE_CURVE('',#697,#695,#316,.T.);
#845=EDGE_CURVE('',#698,#697,#317,.T.);
#846=EDGE_CURVE('',#698,#696,#318,.T.);
#847=EDGE_CURVE('',#696,#699,#319,.T.);
#848=EDGE_CURVE('',#700,#698,#320,.T.);
#849=EDGE_CURVE('',#700,#699,#321,.T.);
#850=EDGE_CURVE('',#699,#701,#322,.T.);
#851=EDGE_CURVE('',#702,#700,#323,.T.);
#852=EDGE_CURVE('',#702,#701,#324,.T.);
#853=EDGE_CURVE('',#701,#695,#325,.T.);
#854=EDGE_CURVE('',#697,#702,#326,.T.);
#855=EDGE_CURVE('',#703,#704,#327,.T.);
#856=EDGE_CURVE('',#705,#703,#328,.T.);
#857=EDGE_CURVE('',#706,#705,#329,.T.);
#858=EDGE_CURVE('',#706,#704,#330,.T.);
#859=EDGE_CURVE('',#704,#707,#331,.T.);
#860=EDGE_CURVE('',#708,#706,#332,.T.);
#861=EDGE_CURVE('',#708,#707,#333,.T.);
#862=EDGE_CURVE('',#707,#709,#334,.T.);
#863=EDGE_CURVE('',#710,#708,#335,.T.);
#864=EDGE_CURVE('',#710,#709,#336,.T.);
#865=EDGE_CURVE('',#709,#703,#337,.T.);
#866=EDGE_CURVE('',#705,#710,#338,.T.);
#867=EDGE_CURVE('',#711,#712,#339,.T.);
#868=EDGE_CURVE('',#712,#713,#340,.T.);
#869=EDGE_CURVE('',#713,#714,#341,.T.);
#870=EDGE_CURVE('',#714,#711,#342,.T.);
#871=EDGE_CURVE('',#715,#716,#343,.T.);
#872=EDGE_CURVE('',#716,#717,#344,.T.);
#873=EDGE_CURVE('',#717,#718,#345,.T.);
#874=EDGE_CURVE('',#718,#715,#346,.T.);
#875=EDGE_CURVE('',#719,#716,#347,.T.);
#876=EDGE_CURVE('',#720,#719,#348,.T.);
#877=EDGE_CURVE('',#720,#717,#349,.T.);
#878=EDGE_CURVE('',#721,#720,#350,.T.);
#879=EDGE_CURVE('',#721,#718,#351,.T.);
#880=EDGE_CURVE('',#722,#721,#352,.T.);
#881=EDGE_CURVE('',#715,#722,#353,.T.);
#882=EDGE_CURVE('',#719,#722,#354,.T.);
#883=EDGE_CURVE('',#723,#712,#355,.T.);
#884=EDGE_CURVE('',#724,#723,#356,.T.);
#885=EDGE_CURVE('',#724,#713,#357,.T.);
#886=EDGE_CURVE('',#725,#724,#358,.T.);
#887=EDGE_CURVE('',#725,#714,#359,.T.);
#888=EDGE_CURVE('',#726,#725,#360,.T.);
#889=EDGE_CURVE('',#711,#726,#361,.T.);
#890=EDGE_CURVE('',#723,#726,#362,.T.);
#891=EDGE_CURVE('',#727,#728,#363,.T.);
#892=EDGE_CURVE('',#728,#729,#364,.T.);
#893=EDGE_CURVE('',#730,#729,#365,.T.);
#894=EDGE_CURVE('',#727,#730,#366,.T.);
#895=EDGE_CURVE('',#731,#727,#367,.T.);
#896=EDGE_CURVE('',#732,#730,#368,.T.);
#897=EDGE_CURVE('',#731,#732,#369,.T.);
#898=EDGE_CURVE('',#733,#731,#370,.T.);
#899=EDGE_CURVE('',#734,#732,#371,.T.);
#900=EDGE_CURVE('',#733,#734,#372,.T.);
#901=EDGE_CURVE('',#728,#733,#373,.T.);
#902=EDGE_CURVE('',#729,#734,#374,.T.);
#903=EDGE_CURVE('',#735,#736,#375,.T.);
#904=EDGE_CURVE('',#736,#737,#376,.T.);
#905=EDGE_CURVE('',#738,#737,#377,.T.);
#906=EDGE_CURVE('',#735,#738,#378,.T.);
#907=EDGE_CURVE('',#739,#735,#379,.T.);
#908=EDGE_CURVE('',#740,#738,#380,.T.);
#909=EDGE_CURVE('',#739,#740,#381,.T.);
#910=EDGE_CURVE('',#741,#739,#382,.T.);
#911=EDGE_CURVE('',#742,#740,#383,.T.);
#912=EDGE_CURVE('',#741,#742,#384,.T.);
#913=EDGE_CURVE('',#736,#741,#385,.T.);
#914=EDGE_CURVE('',#737,#742,#386,.T.);
#915=EDGE_CURVE('',#743,#743,#25,.T.);
#916=EDGE_CURVE('',#744,#744,#26,.T.);
#917=EDGE_CURVE('',#745,#745,#27,.T.);
#918=EDGE_CURVE('',#746,#746,#28,.T.);
#919=EDGE_CURVE('',#747,#747,#29,.T.);
#920=EDGE_CURVE('',#747,#745,#387,.T.);
#921=EDGE_CURVE('',#748,#748,#30,.T.);
#922=EDGE_CURVE('',#748,#749,#388,.T.);
#923=EDGE_CURVE('',#749,#749,#31,.T.);
#924=EDGE_CURVE('',#750,#750,#32,.T.);
#925=EDGE_CURVE('',#750,#743,#389,.T.);
#926=EDGE_CURVE('',#751,#751,#33,.T.);
#927=EDGE_CURVE('',#751,#752,#390,.T.);
#928=EDGE_CURVE('',#752,#752,#34,.T.);
#929=EDGE_CURVE('',#753,#753,#35,.T.);
#930=EDGE_CURVE('',#753,#744,#391,.T.);
#931=EDGE_CURVE('',#754,#754,#36,.T.);
#932=EDGE_CURVE('',#754,#755,#392,.T.);
#933=EDGE_CURVE('',#755,#755,#37,.T.);
#934=EDGE_CURVE('',#756,#756,#38,.T.);
#935=EDGE_CURVE('',#756,#746,#393,.T.);
#936=EDGE_CURVE('',#757,#757,#39,.T.);
#937=EDGE_CURVE('',#757,#758,#394,.T.);
#938=EDGE_CURVE('',#758,#758,#40,.T.);
#939=EDGE_CURVE('',#759,#760,#395,.T.);
#940=EDGE_CURVE('',#760,#761,#396,.T.);
#941=EDGE_CURVE('',#762,#761,#397,.T.);
#942=EDGE_CURVE('',#759,#762,#398,.T.);
#943=EDGE_CURVE('',#763,#763,#41,.T.);
#944=EDGE_CURVE('',#764,#764,#42,.T.);
#945=EDGE_CURVE('',#765,#765,#43,.T.);
#946=EDGE_CURVE('',#766,#766,#44,.T.);
#947=EDGE_CURVE('',#767,#767,#45,.T.);
#948=EDGE_CURVE('',#767,#763,#399,.T.);
#949=EDGE_CURVE('',#768,#768,#46,.T.);
#950=EDGE_CURVE('',#768,#764,#400,.T.);
#951=EDGE_CURVE('',#769,#769,#47,.T.);
#952=EDGE_CURVE('',#769,#765,#401,.T.);
#953=EDGE_CURVE('',#770,#770,#48,.T.);
#954=EDGE_CURVE('',#770,#766,#402,.T.);
#955=EDGE_CURVE('',#759,#771,#403,.T.);
#956=EDGE_CURVE('',#772,#762,#404,.T.);
#957=EDGE_CURVE('',#771,#772,#405,.T.);
#958=EDGE_CURVE('',#771,#773,#406,.T.);
#959=EDGE_CURVE('',#774,#772,#407,.T.);
#960=EDGE_CURVE('',#773,#774,#408,.T.);
#961=EDGE_CURVE('',#760,#773,#409,.T.);
#962=EDGE_CURVE('',#761,#774,#410,.T.);
#963=EDGE_CURVE('',#775,#776,#411,.T.);
#964=EDGE_CURVE('',#776,#777,#412,.T.);
#965=EDGE_CURVE('',#778,#777,#413,.T.);
#966=EDGE_CURVE('',#775,#778,#414,.T.);
#967=EDGE_CURVE('',#779,#775,#415,.T.);
#968=EDGE_CURVE('',#780,#778,#416,.T.);
#969=EDGE_CURVE('',#779,#780,#417,.T.);
#970=EDGE_CURVE('',#781,#779,#418,.T.);
#971=EDGE_CURVE('',#782,#780,#419,.T.);
#972=EDGE_CURVE('',#781,#782,#420,.T.);
#973=EDGE_CURVE('',#776,#781,#421,.T.);
#974=EDGE_CURVE('',#777,#782,#422,.T.);
#975=EDGE_CURVE('',#783,#784,#423,.T.);
#976=EDGE_CURVE('',#784,#785,#424,.T.);
#977=EDGE_CURVE('',#786,#785,#425,.T.);
#978=EDGE_CURVE('',#783,#786,#426,.T.);
#979=EDGE_CURVE('',#787,#783,#427,.T.);
#980=EDGE_CURVE('',#788,#786,#428,.T.);
#981=EDGE_CURVE('',#787,#788,#429,.T.);
#982=EDGE_CURVE('',#789,#787,#430,.T.);
#983=EDGE_CURVE('',#790,#788,#431,.T.);
#984=EDGE_CURVE('',#789,#790,#432,.T.);
#985=EDGE_CURVE('',#784,#789,#433,.T.);
#986=EDGE_CURVE('',#785,#790,#434,.T.);
#987=EDGE_CURVE('',#791,#792,#435,.T.);
#988=EDGE_CURVE('',#793,#791,#436,.T.);
#989=EDGE_CURVE('',#794,#793,#437,.T.);
#990=EDGE_CURVE('',#794,#792,#438,.T.);
#991=EDGE_CURVE('',#792,#795,#439,.T.);
#992=EDGE_CURVE('',#796,#794,#440,.T.);
#993=EDGE_CURVE('',#796,#795,#441,.T.);
#994=EDGE_CURVE('',#795,#797,#442,.T.);
#995=EDGE_CURVE('',#798,#796,#443,.T.);
#996=EDGE_CURVE('',#798,#797,#444,.T.);
#997=EDGE_CURVE('',#797,#799,#445,.T.);
#998=EDGE_CURVE('',#800,#798,#446,.T.);
#999=EDGE_CURVE('',#800,#799,#447,.T.);
#1000=EDGE_CURVE('',#799,#801,#448,.T.);
#1001=EDGE_CURVE('',#802,#800,#449,.T.);
#1002=EDGE_CURVE('',#802,#801,#450,.T.);
#1003=EDGE_CURVE('',#801,#803,#451,.T.);
#1004=EDGE_CURVE('',#804,#802,#452,.T.);
#1005=EDGE_CURVE('',#804,#803,#453,.T.);
#1006=EDGE_CURVE('',#803,#805,#454,.T.);
#1007=EDGE_CURVE('',#806,#804,#455,.T.);
#1008=EDGE_CURVE('',#806,#805,#456,.T.);
#1009=EDGE_CURVE('',#805,#807,#457,.T.);
#1010=EDGE_CURVE('',#808,#806,#458,.T.);
#1011=EDGE_CURVE('',#808,#807,#459,.T.);
#1012=EDGE_CURVE('',#807,#809,#460,.T.);
#1013=EDGE_CURVE('',#810,#808,#461,.T.);
#1014=EDGE_CURVE('',#810,#809,#462,.T.);
#1015=EDGE_CURVE('',#809,#811,#463,.T.);
#1016=EDGE_CURVE('',#812,#810,#464,.T.);
#1017=EDGE_CURVE('',#812,#811,#465,.T.);
#1018=EDGE_CURVE('',#811,#813,#466,.T.);
#1019=EDGE_CURVE('',#814,#812,#467,.T.);
#1020=EDGE_CURVE('',#814,#813,#468,.T.);
#1021=EDGE_CURVE('',#813,#791,#469,.T.);
#1022=EDGE_CURVE('',#793,#814,#470,.T.);
#1023=EDGE_CURVE('',#815,#816,#471,.T.);
#1024=EDGE_CURVE('',#817,#815,#472,.T.);
#1025=EDGE_CURVE('',#818,#817,#473,.T.);
#1026=EDGE_CURVE('',#818,#816,#474,.T.);
#1027=EDGE_CURVE('',#816,#819,#475,.T.);
#1028=EDGE_CURVE('',#820,#818,#476,.T.);
#1029=EDGE_CURVE('',#820,#819,#477,.T.);
#1030=EDGE_CURVE('',#819,#821,#478,.T.);
#1031=EDGE_CURVE('',#822,#820,#479,.T.);
#1032=EDGE_CURVE('',#822,#821,#480,.T.);
#1033=EDGE_CURVE('',#821,#815,#481,.T.);
#1034=EDGE_CURVE('',#817,#822,#482,.T.);
#1035=EDGE_CURVE('',#823,#824,#483,.T.);
#1036=EDGE_CURVE('',#823,#825,#484,.T.);
#1037=EDGE_CURVE('',#826,#825,#485,.T.);
#1038=EDGE_CURVE('',#824,#826,#486,.T.);
#1039=EDGE_CURVE('',#824,#827,#487,.T.);
#1040=EDGE_CURVE('',#828,#826,#488,.T.);
#1041=EDGE_CURVE('',#827,#828,#489,.T.);
#1042=EDGE_CURVE('',#829,#827,#490,.T.);
#1043=EDGE_CURVE('',#830,#828,#491,.T.);
#1044=EDGE_CURVE('',#829,#830,#492,.T.);
#1045=EDGE_CURVE('',#823,#829,#493,.T.);
#1046=EDGE_CURVE('',#825,#830,#494,.T.);
#1047=ORIENTED_EDGE('',*,*,#831,.F.);
#1048=ORIENTED_EDGE('',*,*,#832,.F.);
#1049=ORIENTED_EDGE('',*,*,#833,.F.);
#1050=ORIENTED_EDGE('',*,*,#834,.T.);
#1051=ORIENTED_EDGE('',*,*,#835,.F.);
#1052=ORIENTED_EDGE('',*,*,#834,.F.);
#1053=ORIENTED_EDGE('',*,*,#836,.F.);
#1054=ORIENTED_EDGE('',*,*,#837,.T.);
#1055=ORIENTED_EDGE('',*,*,#838,.F.);
#1056=ORIENTED_EDGE('',*,*,#837,.F.);
#1057=ORIENTED_EDGE('',*,*,#839,.F.);
#1058=ORIENTED_EDGE('',*,*,#840,.T.);
#1059=ORIENTED_EDGE('',*,*,#841,.F.);
#1060=ORIENTED_EDGE('',*,*,#840,.F.);
#1061=ORIENTED_EDGE('',*,*,#842,.F.);
#1062=ORIENTED_EDGE('',*,*,#832,.T.);
#1063=ORIENTED_EDGE('',*,*,#843,.F.);
#1064=ORIENTED_EDGE('',*,*,#844,.F.);
#1065=ORIENTED_EDGE('',*,*,#845,.F.);
#1066=ORIENTED_EDGE('',*,*,#846,.T.);
#1067=ORIENTED_EDGE('',*,*,#847,.F.);
#1068=ORIENTED_EDGE('',*,*,#846,.F.);
#1069=ORIENTED_EDGE('',*,*,#848,.F.);
#1070=ORIENTED_EDGE('',*,*,#849,.T.);
#1071=ORIENTED_EDGE('',*,*,#850,.F.);
#1072=ORIENTED_EDGE('',*,*,#849,.F.);
#1073=ORIENTED_EDGE('',*,*,#851,.F.);
#1074=ORIENTED_EDGE('',*,*,#852,.T.);
#1075=ORIENTED_EDGE('',*,*,#853,.F.);
#1076=ORIENTED_EDGE('',*,*,#852,.F.);
#1077=ORIENTED_EDGE('',*,*,#854,.F.);
#1078=ORIENTED_EDGE('',*,*,#844,.T.);
#1079=ORIENTED_EDGE('',*,*,#855,.F.);
#1080=ORIENTED_EDGE('',*,*,#856,.F.);
#1081=ORIENTED_EDGE('',*,*,#857,.F.);
#1082=ORIENTED_EDGE('',*,*,#858,.T.);
#1083=ORIENTED_EDGE('',*,*,#859,.F.);
#1084=ORIENTED_EDGE('',*,*,#858,.F.);
#1085=ORIENTED_EDGE('',*,*,#860,.F.);
#1086=ORIENTED_EDGE('',*,*,#861,.T.);
#1087=ORIENTED_EDGE('',*,*,#862,.F.);
#1088=ORIENTED_EDGE('',*,*,#861,.F.);
#1089=ORIENTED_EDGE('',*,*,#863,.F.);
#1090=ORIENTED_EDGE('',*,*,#864,.T.);
#1091=ORIENTED_EDGE('',*,*,#865,.F.);
#1092=ORIENTED_EDGE('',*,*,#864,.F.);
#1093=ORIENTED_EDGE('',*,*,#866,.F.);
#1094=ORIENTED_EDGE('',*,*,#856,.T.);
#1095=ORIENTED_EDGE('',*,*,#867,.T.);
#1096=ORIENTED_EDGE('',*,*,#868,.T.);
#1097=ORIENTED_EDGE('',*,*,#869,.T.);
#1098=ORIENTED_EDGE('',*,*,#870,.T.);
#1099=ORIENTED_EDGE('',*,*,#871,.T.);
#1100=ORIENTED_EDGE('',*,*,#872,.T.);
#1101=ORIENTED_EDGE('',*,*,#873,.T.);
#1102=ORIENTED_EDGE('',*,*,#874,.T.);
#1103=ORIENTED_EDGE('',*,*,#875,.F.);
#1104=ORIENTED_EDGE('',*,*,#876,.F.);
#1105=ORIENTED_EDGE('',*,*,#877,.T.);
#1106=ORIENTED_EDGE('',*,*,#872,.F.);
#1107=ORIENTED_EDGE('',*,*,#838,.T.);
#1108=ORIENTED_EDGE('',*,*,#841,.T.);
#1109=ORIENTED_EDGE('',*,*,#831,.T.);
#1110=ORIENTED_EDGE('',*,*,#835,.T.);
#1111=ORIENTED_EDGE('',*,*,#877,.F.);
#1112=ORIENTED_EDGE('',*,*,#878,.F.);
#1113=ORIENTED_EDGE('',*,*,#879,.T.);
#1114=ORIENTED_EDGE('',*,*,#873,.F.);
#1115=ORIENTED_EDGE('',*,*,#850,.T.);
#1116=ORIENTED_EDGE('',*,*,#853,.T.);
#1117=ORIENTED_EDGE('',*,*,#843,.T.);
#1118=ORIENTED_EDGE('',*,*,#847,.T.);
#1119=ORIENTED_EDGE('',*,*,#862,.T.);
#1120=ORIENTED_EDGE('',*,*,#865,.T.);
#1121=ORIENTED_EDGE('',*,*,#855,.T.);
#1122=ORIENTED_EDGE('',*,*,#859,.T.);
#1123=ORIENTED_EDGE('',*,*,#879,.F.);
#1124=ORIENTED_EDGE('',*,*,#880,.F.);
#1125=ORIENTED_EDGE('',*,*,#881,.F.);
#1126=ORIENTED_EDGE('',*,*,#874,.F.);
#1127=ORIENTED_EDGE('',*,*,#881,.T.);
#1128=ORIENTED_EDGE('',*,*,#882,.F.);
#1129=ORIENTED_EDGE('',*,*,#875,.T.);
#1130=ORIENTED_EDGE('',*,*,#871,.F.);
#1131=ORIENTED_EDGE('',*,*,#883,.F.);
#1132=ORIENTED_EDGE('',*,*,#884,.F.);
#1133=ORIENTED_EDGE('',*,*,#885,.T.);
#1134=ORIENTED_EDGE('',*,*,#868,.F.);
#1135=ORIENTED_EDGE('',*,*,#839,.T.);
#1136=ORIENTED_EDGE('',*,*,#836,.T.);
#1137=ORIENTED_EDGE('',*,*,#833,.T.);
#1138=ORIENTED_EDGE('',*,*,#842,.T.);
#1139=ORIENTED_EDGE('',*,*,#885,.F.);
#1140=ORIENTED_EDGE('',*,*,#886,.F.);
#1141=ORIENTED_EDGE('',*,*,#887,.T.);
#1142=ORIENTED_EDGE('',*,*,#869,.F.);
#1143=ORIENTED_EDGE('',*,*,#887,.F.);
#1144=ORIENTED_EDGE('',*,*,#888,.F.);
#1145=ORIENTED_EDGE('',*,*,#889,.F.);
#1146=ORIENTED_EDGE('',*,*,#870,.F.);
#1147=ORIENTED_EDGE('',*,*,#889,.T.);
#1148=ORIENTED_EDGE('',*,*,#890,.F.);
#1149=ORIENTED_EDGE('',*,*,#883,.T.);
#1150=ORIENTED_EDGE('',*,*,#867,.F.);
#1151=ORIENTED_EDGE('',*,*,#851,.T.);
#1152=ORIENTED_EDGE('',*,*,#848,.T.);
#1153=ORIENTED_EDGE('',*,*,#845,.T.);
#1154=ORIENTED_EDGE('',*,*,#854,.T.);
#1155=ORIENTED_EDGE('',*,*,#863,.T.);
#1156=ORIENTED_EDGE('',*,*,#860,.T.);
#1157=ORIENTED_EDGE('',*,*,#857,.T.);
#1158=ORIENTED_EDGE('',*,*,#866,.T.);
#1159=ORIENTED_EDGE('',*,*,#890,.T.);
#1160=ORIENTED_EDGE('',*,*,#888,.T.);
#1161=ORIENTED_EDGE('',*,*,#886,.T.);
#1162=ORIENTED_EDGE('',*,*,#884,.T.);
#1163=ORIENTED_EDGE('',*,*,#882,.T.);
#1164=ORIENTED_EDGE('',*,*,#880,.T.);
#1165=ORIENTED_EDGE('',*,*,#878,.T.);
#1166=ORIENTED_EDGE('',*,*,#876,.T.);
#1167=ORIENTED_EDGE('',*,*,#891,.T.);
#1168=ORIENTED_EDGE('',*,*,#892,.T.);
#1169=ORIENTED_EDGE('',*,*,#893,.F.);
#1170=ORIENTED_EDGE('',*,*,#894,.F.);
#1171=ORIENTED_EDGE('',*,*,#895,.T.);
#1172=ORIENTED_EDGE('',*,*,#894,.T.);
#1173=ORIENTED_EDGE('',*,*,#896,.F.);
#1174=ORIENTED_EDGE('',*,*,#897,.F.);
#1175=ORIENTED_EDGE('',*,*,#898,.T.);
#1176=ORIENTED_EDGE('',*,*,#897,.T.);
#1177=ORIENTED_EDGE('',*,*,#899,.F.);
#1178=ORIENTED_EDGE('',*,*,#900,.F.);
#1179=ORIENTED_EDGE('',*,*,#901,.T.);
#1180=ORIENTED_EDGE('',*,*,#900,.T.);
#1181=ORIENTED_EDGE('',*,*,#902,.F.);
#1182=ORIENTED_EDGE('',*,*,#892,.F.);
#1183=ORIENTED_EDGE('',*,*,#903,.T.);
#1184=ORIENTED_EDGE('',*,*,#904,.T.);
#1185=ORIENTED_EDGE('',*,*,#905,.F.);
#1186=ORIENTED_EDGE('',*,*,#906,.F.);
#1187=ORIENTED_EDGE('',*,*,#907,.T.);
#1188=ORIENTED_EDGE('',*,*,#906,.T.);
#1189=ORIENTED_EDGE('',*,*,#908,.F.);
#1190=ORIENTED_EDGE('',*,*,#909,.F.);
#1191=ORIENTED_EDGE('',*,*,#910,.T.);
#1192=ORIENTED_EDGE('',*,*,#909,.T.);
#1193=ORIENTED_EDGE('',*,*,#911,.F.);
#1194=ORIENTED_EDGE('',*,*,#912,.F.);
#1195=ORIENTED_EDGE('',*,*,#913,.T.);
#1196=ORIENTED_EDGE('',*,*,#912,.T.);
#1197=ORIENTED_EDGE('',*,*,#914,.F.);
#1198=ORIENTED_EDGE('',*,*,#904,.F.);
#1199=ORIENTED_EDGE('',*,*,#914,.T.);
#1200=ORIENTED_EDGE('',*,*,#911,.T.);
#1201=ORIENTED_EDGE('',*,*,#908,.T.);
#1202=ORIENTED_EDGE('',*,*,#905,.T.);
#1203=ORIENTED_EDGE('',*,*,#902,.T.);
#1204=ORIENTED_EDGE('',*,*,#899,.T.);
#1205=ORIENTED_EDGE('',*,*,#896,.T.);
#1206=ORIENTED_EDGE('',*,*,#893,.T.);
#1207=ORIENTED_EDGE('',*,*,#913,.F.);
#1208=ORIENTED_EDGE('',*,*,#903,.F.);
#1209=ORIENTED_EDGE('',*,*,#907,.F.);
#1210=ORIENTED_EDGE('',*,*,#910,.F.);
#1211=ORIENTED_EDGE('',*,*,#901,.F.);
#1212=ORIENTED_EDGE('',*,*,#891,.F.);
#1213=ORIENTED_EDGE('',*,*,#895,.F.);
#1214=ORIENTED_EDGE('',*,*,#898,.F.);
#1215=ORIENTED_EDGE('',*,*,#915,.F.);
#1216=ORIENTED_EDGE('',*,*,#916,.F.);
#1217=ORIENTED_EDGE('',*,*,#917,.F.);
#1218=ORIENTED_EDGE('',*,*,#918,.F.);
#1219=ORIENTED_EDGE('',*,*,#919,.F.);
#1220=ORIENTED_EDGE('',*,*,#920,.T.);
#1221=ORIENTED_EDGE('',*,*,#917,.T.);
#1222=ORIENTED_EDGE('',*,*,#920,.F.);
#1223=ORIENTED_EDGE('',*,*,#921,.F.);
#1224=ORIENTED_EDGE('',*,*,#922,.T.);
#1225=ORIENTED_EDGE('',*,*,#923,.F.);
#1226=ORIENTED_EDGE('',*,*,#922,.F.);
#1227=ORIENTED_EDGE('',*,*,#921,.T.);
#1228=ORIENTED_EDGE('',*,*,#919,.T.);
#1229=ORIENTED_EDGE('',*,*,#924,.F.);
#1230=ORIENTED_EDGE('',*,*,#925,.T.);
#1231=ORIENTED_EDGE('',*,*,#915,.T.);
#1232=ORIENTED_EDGE('',*,*,#925,.F.);
#1233=ORIENTED_EDGE('',*,*,#926,.F.);
#1234=ORIENTED_EDGE('',*,*,#927,.T.);
#1235=ORIENTED_EDGE('',*,*,#928,.F.);
#1236=ORIENTED_EDGE('',*,*,#927,.F.);
#1237=ORIENTED_EDGE('',*,*,#926,.T.);
#1238=ORIENTED_EDGE('',*,*,#924,.T.);
#1239=ORIENTED_EDGE('',*,*,#929,.F.);
#1240=ORIENTED_EDGE('',*,*,#930,.T.);
#1241=ORIENTED_EDGE('',*,*,#916,.T.);
#1242=ORIENTED_EDGE('',*,*,#930,.F.);
#1243=ORIENTED_EDGE('',*,*,#931,.F.);
#1244=ORIENTED_EDGE('',*,*,#932,.T.);
#1245=ORIENTED_EDGE('',*,*,#933,.F.);
#1246=ORIENTED_EDGE('',*,*,#932,.F.);
#1247=ORIENTED_EDGE('',*,*,#931,.T.);
#1248=ORIENTED_EDGE('',*,*,#929,.T.);
#1249=ORIENTED_EDGE('',*,*,#934,.F.);
#1250=ORIENTED_EDGE('',*,*,#935,.T.);
#1251=ORIENTED_EDGE('',*,*,#918,.T.);
#1252=ORIENTED_EDGE('',*,*,#935,.F.);
#1253=ORIENTED_EDGE('',*,*,#936,.F.);
#1254=ORIENTED_EDGE('',*,*,#937,.T.);
#1255=ORIENTED_EDGE('',*,*,#938,.F.);
#1256=ORIENTED_EDGE('',*,*,#937,.F.);
#1257=ORIENTED_EDGE('',*,*,#936,.T.);
#1258=ORIENTED_EDGE('',*,*,#934,.T.);
#1259=ORIENTED_EDGE('',*,*,#939,.T.);
#1260=ORIENTED_EDGE('',*,*,#940,.T.);
#1261=ORIENTED_EDGE('',*,*,#941,.F.);
#1262=ORIENTED_EDGE('',*,*,#942,.F.);
#1263=ORIENTED_EDGE('',*,*,#928,.T.);
#1264=ORIENTED_EDGE('',*,*,#938,.T.);
#1265=ORIENTED_EDGE('',*,*,#943,.T.);
#1266=ORIENTED_EDGE('',*,*,#944,.T.);
#1267=ORIENTED_EDGE('',*,*,#945,.T.);
#1268=ORIENTED_EDGE('',*,*,#946,.T.);
#1269=ORIENTED_EDGE('',*,*,#933,.T.);
#1270=ORIENTED_EDGE('',*,*,#923,.T.);
#1271=ORIENTED_EDGE('',*,*,#947,.F.);
#1272=ORIENTED_EDGE('',*,*,#948,.T.);
#1273=ORIENTED_EDGE('',*,*,#943,.F.);
#1274=ORIENTED_EDGE('',*,*,#948,.F.);
#1275=ORIENTED_EDGE('',*,*,#947,.T.);
#1276=ORIENTED_EDGE('',*,*,#949,.F.);
#1277=ORIENTED_EDGE('',*,*,#950,.T.);
#1278=ORIENTED_EDGE('',*,*,#944,.F.);
#1279=ORIENTED_EDGE('',*,*,#950,.F.);
#1280=ORIENTED_EDGE('',*,*,#949,.T.);
#1281=ORIENTED_EDGE('',*,*,#951,.F.);
#1282=ORIENTED_EDGE('',*,*,#952,.T.);
#1283=ORIENTED_EDGE('',*,*,#945,.F.);
#1284=ORIENTED_EDGE('',*,*,#952,.F.);
#1285=ORIENTED_EDGE('',*,*,#951,.T.);
#1286=ORIENTED_EDGE('',*,*,#953,.F.);
#1287=ORIENTED_EDGE('',*,*,#954,.T.);
#1288=ORIENTED_EDGE('',*,*,#946,.F.);
#1289=ORIENTED_EDGE('',*,*,#954,.F.);
#1290=ORIENTED_EDGE('',*,*,#953,.T.);
#1291=ORIENTED_EDGE('',*,*,#955,.F.);
#1292=ORIENTED_EDGE('',*,*,#942,.T.);
#1293=ORIENTED_EDGE('',*,*,#956,.F.);
#1294=ORIENTED_EDGE('',*,*,#957,.F.);
#1295=ORIENTED_EDGE('',*,*,#958,.F.);
#1296=ORIENTED_EDGE('',*,*,#957,.T.);
#1297=ORIENTED_EDGE('',*,*,#959,.F.);
#1298=ORIENTED_EDGE('',*,*,#960,.F.);
#1299=ORIENTED_EDGE('',*,*,#961,.T.);
#1300=ORIENTED_EDGE('',*,*,#960,.T.);
#1301=ORIENTED_EDGE('',*,*,#962,.F.);
#1302=ORIENTED_EDGE('',*,*,#940,.F.);
#1303=ORIENTED_EDGE('',*,*,#941,.T.);
#1304=ORIENTED_EDGE('',*,*,#962,.T.);
#1305=ORIENTED_EDGE('',*,*,#959,.T.);
#1306=ORIENTED_EDGE('',*,*,#956,.T.);
#1307=ORIENTED_EDGE('',*,*,#939,.F.);
#1308=ORIENTED_EDGE('',*,*,#955,.T.);
#1309=ORIENTED_EDGE('',*,*,#958,.T.);
#1310=ORIENTED_EDGE('',*,*,#961,.F.);
#1311=ORIENTED_EDGE('',*,*,#963,.T.);
#1312=ORIENTED_EDGE('',*,*,#964,.T.);
#1313=ORIENTED_EDGE('',*,*,#965,.F.);
#1314=ORIENTED_EDGE('',*,*,#966,.F.);
#1315=ORIENTED_EDGE('',*,*,#967,.T.);
#1316=ORIENTED_EDGE('',*,*,#966,.T.);
#1317=ORIENTED_EDGE('',*,*,#968,.F.);
#1318=ORIENTED_EDGE('',*,*,#969,.F.);
#1319=ORIENTED_EDGE('',*,*,#970,.T.);
#1320=ORIENTED_EDGE('',*,*,#969,.T.);
#1321=ORIENTED_EDGE('',*,*,#971,.F.);
#1322=ORIENTED_EDGE('',*,*,#972,.F.);
#1323=ORIENTED_EDGE('',*,*,#973,.T.);
#1324=ORIENTED_EDGE('',*,*,#972,.T.);
#1325=ORIENTED_EDGE('',*,*,#974,.F.);
#1326=ORIENTED_EDGE('',*,*,#964,.F.);
#1327=ORIENTED_EDGE('',*,*,#975,.T.);
#1328=ORIENTED_EDGE('',*,*,#976,.T.);
#1329=ORIENTED_EDGE('',*,*,#977,.F.);
#1330=ORIENTED_EDGE('',*,*,#978,.F.);
#1331=ORIENTED_EDGE('',*,*,#979,.T.);
#1332=ORIENTED_EDGE('',*,*,#978,.T.);
#1333=ORIENTED_EDGE('',*,*,#980,.F.);
#1334=ORIENTED_EDGE('',*,*,#981,.F.);
#1335=ORIENTED_EDGE('',*,*,#982,.T.);
#1336=ORIENTED_EDGE('',*,*,#981,.T.);
#1337=ORIENTED_EDGE('',*,*,#983,.F.);
#1338=ORIENTED_EDGE('',*,*,#984,.F.);
#1339=ORIENTED_EDGE('',*,*,#985,.T.);
#1340=ORIENTED_EDGE('',*,*,#984,.T.);
#1341=ORIENTED_EDGE('',*,*,#986,.F.);
#1342=ORIENTED_EDGE('',*,*,#976,.F.);
#1343=ORIENTED_EDGE('',*,*,#986,.T.);
#1344=ORIENTED_EDGE('',*,*,#983,.T.);
#1345=ORIENTED_EDGE('',*,*,#980,.T.);
#1346=ORIENTED_EDGE('',*,*,#977,.T.);
#1347=ORIENTED_EDGE('',*,*,#974,.T.);
#1348=ORIENTED_EDGE('',*,*,#971,.T.);
#1349=ORIENTED_EDGE('',*,*,#968,.T.);
#1350=ORIENTED_EDGE('',*,*,#965,.T.);
#1351=ORIENTED_EDGE('',*,*,#985,.F.);
#1352=ORIENTED_EDGE('',*,*,#975,.F.);
#1353=ORIENTED_EDGE('',*,*,#979,.F.);
#1354=ORIENTED_EDGE('',*,*,#982,.F.);
#1355=ORIENTED_EDGE('',*,*,#973,.F.);
#1356=ORIENTED_EDGE('',*,*,#963,.F.);
#1357=ORIENTED_EDGE('',*,*,#967,.F.);
#1358=ORIENTED_EDGE('',*,*,#970,.F.);
#1359=ORIENTED_EDGE('',*,*,#987,.F.);
#1360=ORIENTED_EDGE('',*,*,#988,.F.);
#1361=ORIENTED_EDGE('',*,*,#989,.F.);
#1362=ORIENTED_EDGE('',*,*,#990,.T.);
#1363=ORIENTED_EDGE('',*,*,#991,.F.);
#1364=ORIENTED_EDGE('',*,*,#990,.F.);
#1365=ORIENTED_EDGE('',*,*,#992,.F.);
#1366=ORIENTED_EDGE('',*,*,#993,.T.);
#1367=ORIENTED_EDGE('',*,*,#994,.F.);
#1368=ORIENTED_EDGE('',*,*,#993,.F.);
#1369=ORIENTED_EDGE('',*,*,#995,.F.);
#1370=ORIENTED_EDGE('',*,*,#996,.T.);
#1371=ORIENTED_EDGE('',*,*,#997,.F.);
#1372=ORIENTED_EDGE('',*,*,#996,.F.);
#1373=ORIENTED_EDGE('',*,*,#998,.F.);
#1374=ORIENTED_EDGE('',*,*,#999,.T.);
#1375=ORIENTED_EDGE('',*,*,#1000,.F.);
#1376=ORIENTED_EDGE('',*,*,#999,.F.);
#1377=ORIENTED_EDGE('',*,*,#1001,.F.);
#1378=ORIENTED_EDGE('',*,*,#1002,.T.);
#1379=ORIENTED_EDGE('',*,*,#1003,.F.);
#1380=ORIENTED_EDGE('',*,*,#1002,.F.);
#1381=ORIENTED_EDGE('',*,*,#1004,.F.);
#1382=ORIENTED_EDGE('',*,*,#1005,.T.);
#1383=ORIENTED_EDGE('',*,*,#1006,.F.);
#1384=ORIENTED_EDGE('',*,*,#1005,.F.);
#1385=ORIENTED_EDGE('',*,*,#1007,.F.);
#1386=ORIENTED_EDGE('',*,*,#1008,.T.);
#1387=ORIENTED_EDGE('',*,*,#1009,.F.);
#1388=ORIENTED_EDGE('',*,*,#1008,.F.);
#1389=ORIENTED_EDGE('',*,*,#1010,.F.);
#1390=ORIENTED_EDGE('',*,*,#1011,.T.);
#1391=ORIENTED_EDGE('',*,*,#1012,.F.);
#1392=ORIENTED_EDGE('',*,*,#1011,.F.);
#1393=ORIENTED_EDGE('',*,*,#1013,.F.);
#1394=ORIENTED_EDGE('',*,*,#1014,.T.);
#1395=ORIENTED_EDGE('',*,*,#1015,.F.);
#1396=ORIENTED_EDGE('',*,*,#1014,.F.);
#1397=ORIENTED_EDGE('',*,*,#1016,.F.);
#1398=ORIENTED_EDGE('',*,*,#1017,.T.);
#1399=ORIENTED_EDGE('',*,*,#1018,.F.);
#1400=ORIENTED_EDGE('',*,*,#1017,.F.);
#1401=ORIENTED_EDGE('',*,*,#1019,.F.);
#1402=ORIENTED_EDGE('',*,*,#1020,.T.);
#1403=ORIENTED_EDGE('',*,*,#1021,.F.);
#1404=ORIENTED_EDGE('',*,*,#1020,.F.);
#1405=ORIENTED_EDGE('',*,*,#1022,.F.);
#1406=ORIENTED_EDGE('',*,*,#988,.T.);
#1407=ORIENTED_EDGE('',*,*,#1023,.F.);
#1408=ORIENTED_EDGE('',*,*,#1024,.F.);
#1409=ORIENTED_EDGE('',*,*,#1025,.F.);
#1410=ORIENTED_EDGE('',*,*,#1026,.T.);
#1411=ORIENTED_EDGE('',*,*,#1027,.F.);
#1412=ORIENTED_EDGE('',*,*,#1026,.F.);
#1413=ORIENTED_EDGE('',*,*,#1028,.F.);
#1414=ORIENTED_EDGE('',*,*,#1029,.T.);
#1415=ORIENTED_EDGE('',*,*,#1030,.F.);
#1416=ORIENTED_EDGE('',*,*,#1029,.F.);
#1417=ORIENTED_EDGE('',*,*,#1031,.F.);
#1418=ORIENTED_EDGE('',*,*,#1032,.T.);
#1419=ORIENTED_EDGE('',*,*,#1033,.F.);
#1420=ORIENTED_EDGE('',*,*,#1032,.F.);
#1421=ORIENTED_EDGE('',*,*,#1034,.F.);
#1422=ORIENTED_EDGE('',*,*,#1024,.T.);
#1423=ORIENTED_EDGE('',*,*,#1035,.F.);
#1424=ORIENTED_EDGE('',*,*,#1036,.T.);
#1425=ORIENTED_EDGE('',*,*,#1037,.F.);
#1426=ORIENTED_EDGE('',*,*,#1038,.F.);
#1427=ORIENTED_EDGE('',*,*,#1039,.F.);
#1428=ORIENTED_EDGE('',*,*,#1038,.T.);
#1429=ORIENTED_EDGE('',*,*,#1040,.F.);
#1430=ORIENTED_EDGE('',*,*,#1041,.F.);
#1431=ORIENTED_EDGE('',*,*,#1007,.T.);
#1432=ORIENTED_EDGE('',*,*,#1004,.T.);
#1433=ORIENTED_EDGE('',*,*,#1001,.T.);
#1434=ORIENTED_EDGE('',*,*,#998,.T.);
#1435=ORIENTED_EDGE('',*,*,#995,.T.);
#1436=ORIENTED_EDGE('',*,*,#992,.T.);
#1437=ORIENTED_EDGE('',*,*,#989,.T.);
#1438=ORIENTED_EDGE('',*,*,#1022,.T.);
#1439=ORIENTED_EDGE('',*,*,#1019,.T.);
#1440=ORIENTED_EDGE('',*,*,#1016,.T.);
#1441=ORIENTED_EDGE('',*,*,#1013,.T.);
#1442=ORIENTED_EDGE('',*,*,#1010,.T.);
#1443=ORIENTED_EDGE('',*,*,#1031,.T.);
#1444=ORIENTED_EDGE('',*,*,#1028,.T.);
#1445=ORIENTED_EDGE('',*,*,#1025,.T.);
#1446=ORIENTED_EDGE('',*,*,#1034,.T.);
#1447=ORIENTED_EDGE('',*,*,#1042,.T.);
#1448=ORIENTED_EDGE('',*,*,#1041,.T.);
#1449=ORIENTED_EDGE('',*,*,#1043,.F.);
#1450=ORIENTED_EDGE('',*,*,#1044,.F.);
#1451=ORIENTED_EDGE('',*,*,#1045,.T.);
#1452=ORIENTED_EDGE('',*,*,#1044,.T.);
#1453=ORIENTED_EDGE('',*,*,#1046,.F.);
#1454=ORIENTED_EDGE('',*,*,#1036,.F.);
#1455=ORIENTED_EDGE('',*,*,#1006,.T.);
#1456=ORIENTED_EDGE('',*,*,#1009,.T.);
#1457=ORIENTED_EDGE('',*,*,#1012,.T.);
#1458=ORIENTED_EDGE('',*,*,#1015,.T.);
#1459=ORIENTED_EDGE('',*,*,#1018,.T.);
#1460=ORIENTED_EDGE('',*,*,#1021,.T.);
#1461=ORIENTED_EDGE('',*,*,#987,.T.);
#1462=ORIENTED_EDGE('',*,*,#991,.T.);
#1463=ORIENTED_EDGE('',*,*,#994,.T.);
#1464=ORIENTED_EDGE('',*,*,#997,.T.);
#1465=ORIENTED_EDGE('',*,*,#1000,.T.);
#1466=ORIENTED_EDGE('',*,*,#1003,.T.);
#1467=ORIENTED_EDGE('',*,*,#1030,.T.);
#1468=ORIENTED_EDGE('',*,*,#1033,.T.);
#1469=ORIENTED_EDGE('',*,*,#1023,.T.);
#1470=ORIENTED_EDGE('',*,*,#1027,.T.);
#1471=ORIENTED_EDGE('',*,*,#1046,.T.);
#1472=ORIENTED_EDGE('',*,*,#1043,.T.);
#1473=ORIENTED_EDGE('',*,*,#1040,.T.);
#1474=ORIENTED_EDGE('',*,*,#1037,.T.);
#1475=ORIENTED_EDGE('',*,*,#1045,.F.);
#1476=ORIENTED_EDGE('',*,*,#1035,.T.);
#1477=ORIENTED_EDGE('',*,*,#1039,.T.);
#1478=ORIENTED_EDGE('',*,*,#1042,.F.);
#1479=PLANE('',#1661);
#1480=PLANE('',#1662);
#1481=PLANE('',#1663);
#1482=PLANE('',#1664);
#1483=PLANE('',#1665);
#1484=PLANE('',#1666);
#1485=PLANE('',#1667);
#1486=PLANE('',#1668);
#1487=PLANE('',#1669);
#1488=PLANE('',#1670);
#1489=PLANE('',#1671);
#1490=PLANE('',#1672);
#1491=PLANE('',#1673);
#1492=PLANE('',#1674);
#1493=PLANE('',#1675);
#1494=PLANE('',#1676);
#1495=PLANE('',#1677);
#1496=PLANE('',#1678);
#1497=PLANE('',#1679);
#1498=PLANE('',#1680);
#1499=PLANE('',#1681);
#1500=PLANE('',#1682);
#1501=PLANE('',#1683);
#1502=PLANE('',#1684);
#1503=PLANE('',#1685);
#1504=PLANE('',#1686);
#1505=PLANE('',#1687);
#1506=PLANE('',#1688);
#1507=PLANE('',#1689);
#1508=PLANE('',#1690);
#1509=PLANE('',#1691);
#1510=PLANE('',#1692);
#1511=PLANE('',#1693);
#1512=PLANE('',#1695);
#1513=PLANE('',#1697);
#1514=PLANE('',#1699);
#1515=PLANE('',#1706);
#1516=PLANE('',#1712);
#1517=PLANE('',#1718);
#1518=PLANE('',#1724);
#1519=PLANE('',#1725);
#1520=PLANE('',#1732);
#1521=PLANE('',#1735);
#1522=PLANE('',#1738);
#1523=PLANE('',#1741);
#1524=PLANE('',#1742);
#1525=PLANE('',#1743);
#1526=PLANE('',#1744);
#1527=PLANE('',#1745);
#1528=PLANE('',#1746);
#1529=PLANE('',#1747);
#1530=PLANE('',#1748);
#1531=PLANE('',#1749);
#1532=PLANE('',#1750);
#1533=PLANE('',#1751);
#1534=PLANE('',#1752);
#1535=PLANE('',#1753);
#1536=PLANE('',#1754);
#1537=PLANE('',#1755);
#1538=PLANE('',#1756);
#1539=PLANE('',#1757);
#1540=PLANE('',#1758);
#1541=PLANE('',#1759);
#1542=PLANE('',#1760);
#1543=PLANE('',#1761);
#1544=PLANE('',#1762);
#1545=PLANE('',#1763);
#1546=PLANE('',#1764);
#1547=PLANE('',#1765);
#1548=PLANE('',#1766);
#1549=PLANE('',#1767);
#1550=PLANE('',#1768);
#1551=PLANE('',#1769);
#1552=PLANE('',#1770);
#1553=PLANE('',#1771);
#1554=PLANE('',#1772);
#1555=PLANE('',#1773);
#1556=PLANE('',#1774);
#1557=PLANE('',#1775);
#1558=PLANE('',#1776);
#1559=PLANE('',#1777);
#1560=PLANE('',#1778);
#1561=ADVANCED_FACE('',(#87),#1479,.F.);
#1562=ADVANCED_FACE('',(#88),#1480,.F.);
#1563=ADVANCED_FACE('',(#89),#1481,.F.);
#1564=ADVANCED_FACE('',(#90),#1482,.F.);
#1565=ADVANCED_FACE('',(#91),#1483,.F.);
#1566=ADVANCED_FACE('',(#92),#1484,.F.);
#1567=ADVANCED_FACE('',(#93),#1485,.F.);
#1568=ADVANCED_FACE('',(#94),#1486,.F.);
#1569=ADVANCED_FACE('',(#95),#1487,.F.);
#1570=ADVANCED_FACE('',(#96),#1488,.F.);
#1571=ADVANCED_FACE('',(#97),#1489,.F.);
#1572=ADVANCED_FACE('',(#98),#1490,.F.);
#1573=ADVANCED_FACE('',(#99,#59),#1491,.T.);
#1574=ADVANCED_FACE('',(#100,#60),#1492,.T.);
#1575=ADVANCED_FACE('',(#101,#61,#62),#1493,.T.);
#1576=ADVANCED_FACE('',(#102),#1494,.T.);
#1577=ADVANCED_FACE('',(#103),#1495,.T.);
#1578=ADVANCED_FACE('',(#104,#63),#1496,.T.);
#1579=ADVANCED_FACE('',(#105),#1497,.T.);
#1580=ADVANCED_FACE('',(#106),#1498,.T.);
#1581=ADVANCED_FACE('',(#107,#64,#65),#1499,.T.);
#1582=ADVANCED_FACE('',(#108,#66),#1500,.T.);
#1583=ADVANCED_FACE('',(#109),#1501,.T.);
#1584=ADVANCED_FACE('',(#110),#1502,.T.);
#1585=ADVANCED_FACE('',(#111),#1503,.T.);
#1586=ADVANCED_FACE('',(#112),#1504,.T.);
#1587=ADVANCED_FACE('',(#113),#1505,.T.);
#1588=ADVANCED_FACE('',(#114),#1506,.T.);
#1589=ADVANCED_FACE('',(#115),#1507,.T.);
#1590=ADVANCED_FACE('',(#116),#1508,.T.);
#1591=ADVANCED_FACE('',(#117,#67),#1509,.T.);
#1592=ADVANCED_FACE('',(#118,#68),#1510,.F.);
#1593=ADVANCED_FACE('',(#119),#1511,.T.);
#1594=ADVANCED_FACE('',(#120),#1512,.T.);
#1595=ADVANCED_FACE('',(#121),#1513,.T.);
#1596=ADVANCED_FACE('',(#122),#1514,.T.);
#1597=ADVANCED_FACE('',(#123),#13,.F.);
#1598=ADVANCED_FACE('',(#124),#14,.T.);
#1599=ADVANCED_FACE('',(#125,#69),#1515,.T.);
#1600=ADVANCED_FACE('',(#126),#15,.F.);
#1601=ADVANCED_FACE('',(#127),#16,.T.);
#1602=ADVANCED_FACE('',(#128,#70),#1516,.T.);
#1603=ADVANCED_FACE('',(#129),#17,.F.);
#1604=ADVANCED_FACE('',(#130),#18,.T.);
#1605=ADVANCED_FACE('',(#131,#71),#1517,.T.);
#1606=ADVANCED_FACE('',(#132),#19,.F.);
#1607=ADVANCED_FACE('',(#133),#20,.T.);
#1608=ADVANCED_FACE('',(#134,#72),#1518,.T.);
#1609=ADVANCED_FACE('',(#135,#73,#74,#75,#76,#77,#78,#79,#80),#1519,.T.);
#1610=ADVANCED_FACE('',(#136),#21,.T.);
#1611=ADVANCED_FACE('',(#137),#1520,.T.);
#1612=ADVANCED_FACE('',(#138),#22,.T.);
#1613=ADVANCED_FACE('',(#139),#1521,.T.);
#1614=ADVANCED_FACE('',(#140),#23,.T.);
#1615=ADVANCED_FACE('',(#141),#1522,.T.);
#1616=ADVANCED_FACE('',(#142),#24,.T.);
#1617=ADVANCED_FACE('',(#143),#1523,.T.);
#1618=ADVANCED_FACE('',(#144),#1524,.T.);
#1619=ADVANCED_FACE('',(#145),#1525,.T.);
#1620=ADVANCED_FACE('',(#146),#1526,.T.);
#1621=ADVANCED_FACE('',(#147),#1527,.T.);
#1622=ADVANCED_FACE('',(#148),#1528,.F.);
#1623=ADVANCED_FACE('',(#149),#1529,.T.);
#1624=ADVANCED_FACE('',(#150),#1530,.T.);
#1625=ADVANCED_FACE('',(#151),#1531,.T.);
#1626=ADVANCED_FACE('',(#152),#1532,.T.);
#1627=ADVANCED_FACE('',(#153),#1533,.T.);
#1628=ADVANCED_FACE('',(#154),#1534,.T.);
#1629=ADVANCED_FACE('',(#155),#1535,.T.);
#1630=ADVANCED_FACE('',(#156),#1536,.T.);
#1631=ADVANCED_FACE('',(#157,#81),#1537,.T.);
#1632=ADVANCED_FACE('',(#158,#82),#1538,.F.);
#1633=ADVANCED_FACE('',(#159),#1539,.F.);
#1634=ADVANCED_FACE('',(#160),#1540,.F.);
#1635=ADVANCED_FACE('',(#161),#1541,.F.);
#1636=ADVANCED_FACE('',(#162),#1542,.F.);
#1637=ADVANCED_FACE('',(#163),#1543,.F.);
#1638=ADVANCED_FACE('',(#164),#1544,.F.);
#1639=ADVANCED_FACE('',(#165),#1545,.F.);
#1640=ADVANCED_FACE('',(#166),#1546,.F.);
#1641=ADVANCED_FACE('',(#167),#1547,.F.);
#1642=ADVANCED_FACE('',(#168),#1548,.F.);
#1643=ADVANCED_FACE('',(#169),#1549,.F.);
#1644=ADVANCED_FACE('',(#170),#1550,.F.);
#1645=ADVANCED_FACE('',(#171),#1551,.F.);
#1646=ADVANCED_FACE('',(#172),#1552,.F.);
#1647=ADVANCED_FACE('',(#173),#1553,.F.);
#1648=ADVANCED_FACE('',(#174),#1554,.F.);
#1649=ADVANCED_FACE('',(#175),#1555,.T.);
#1650=ADVANCED_FACE('',(#176,#83,#84),#1556,.T.);
#1651=ADVANCED_FACE('',(#177),#1557,.T.);
#1652=ADVANCED_FACE('',(#178,#85,#86),#1558,.T.);
#1653=ADVANCED_FACE('',(#179),#1559,.T.);
#1654=ADVANCED_FACE('',(#180),#1560,.F.);
#1655=CLOSED_SHELL('',(#1561,#1562,#1563,#1564,#1565,#1566,#1567,#1568,
#1569,#1570,#1571,#1572,#1573,#1574,#1575,#1576,#1577,#1578,#1579,#1580,
#1581,#1582));
#1656=CLOSED_SHELL('',(#1583,#1584,#1585,#1586,#1587,#1588,#1589,#1590,
#1591,#1592));
#1657=CLOSED_SHELL('',(#1593,#1594,#1595,#1596,#1597,#1598,#1599,#1600,
#1601,#1602,#1603,#1604,#1605,#1606,#1607,#1608,#1609,#1610,#1611,#1612,
#1613,#1614,#1615,#1616,#1617,#1618,#1619,#1620,#1621,#1622));
#1658=CLOSED_SHELL('',(#1623,#1624,#1625,#1626,#1627,#1628,#1629,#1630,
#1631,#1632));
#1659=CLOSED_SHELL('',(#1633,#1634,#1635,#1636,#1637,#1638,#1639,#1640,
#1641,#1642,#1643,#1644,#1645,#1646,#1647,#1648,#1649,#1650,#1651,#1652,
#1653,#1654));
#1660=AXIS2_PLACEMENT_3D('',#2209,#1779,#1780);
#1661=AXIS2_PLACEMENT_3D('',#2210,#1781,#1782);
#1662=AXIS2_PLACEMENT_3D('',#2219,#1787,#1788);
#1663=AXIS2_PLACEMENT_3D('',#2225,#1792,#1793);
#1664=AXIS2_PLACEMENT_3D('',#2231,#1797,#1798);
#1665=AXIS2_PLACEMENT_3D('',#2234,#1801,#1802);
#1666=AXIS2_PLACEMENT_3D('',#2243,#1807,#1808);
#1667=AXIS2_PLACEMENT_3D('',#2249,#1812,#1813);
#1668=AXIS2_PLACEMENT_3D('',#2255,#1817,#1818);
#1669=AXIS2_PLACEMENT_3D('',#2258,#1821,#1822);
#1670=AXIS2_PLACEMENT_3D('',#2267,#1827,#1828);
#1671=AXIS2_PLACEMENT_3D('',#2273,#1832,#1833);
#1672=AXIS2_PLACEMENT_3D('',#2279,#1837,#1838);
#1673=AXIS2_PLACEMENT_3D('',#2282,#1841,#1842);
#1674=AXIS2_PLACEMENT_3D('',#2299,#1851,#1852);
#1675=AXIS2_PLACEMENT_3D('',#2305,#1856,#1857);
#1676=AXIS2_PLACEMENT_3D('',#2309,#1860,#1861);
#1677=AXIS2_PLACEMENT_3D('',#2313,#1864,#1865);
#1678=AXIS2_PLACEMENT_3D('',#2315,#1867,#1868);
#1679=AXIS2_PLACEMENT_3D('',#2321,#1872,#1873);
#1680=AXIS2_PLACEMENT_3D('',#2325,#1876,#1877);
#1681=AXIS2_PLACEMENT_3D('',#2329,#1880,#1881);
#1682=AXIS2_PLACEMENT_3D('',#2331,#1883,#1884);
#1683=AXIS2_PLACEMENT_3D('',#2332,#1885,#1886);
#1684=AXIS2_PLACEMENT_3D('',#2341,#1891,#1892);
#1685=AXIS2_PLACEMENT_3D('',#2347,#1896,#1897);
#1686=AXIS2_PLACEMENT_3D('',#2353,#1901,#1902);
#1687=AXIS2_PLACEMENT_3D('',#2356,#1905,#1906);
#1688=AXIS2_PLACEMENT_3D('',#2365,#1911,#1912);
#1689=AXIS2_PLACEMENT_3D('',#2371,#1916,#1917);
#1690=AXIS2_PLACEMENT_3D('',#2377,#1921,#1922);
#1691=AXIS2_PLACEMENT_3D('',#2380,#1925,#1926);
#1692=AXIS2_PLACEMENT_3D('',#2381,#1927,#1928);
#1693=AXIS2_PLACEMENT_3D('',#2382,#1929,#1930);
#1694=AXIS2_PLACEMENT_3D('',#2384,#1931,#1932);
#1695=AXIS2_PLACEMENT_3D('',#2385,#1933,#1934);
#1696=AXIS2_PLACEMENT_3D('',#2387,#1935,#1936);
#1697=AXIS2_PLACEMENT_3D('',#2388,#1937,#1938);
#1698=AXIS2_PLACEMENT_3D('',#2390,#1939,#1940);
#1699=AXIS2_PLACEMENT_3D('',#2391,#1941,#1942);
#1700=AXIS2_PLACEMENT_3D('',#2393,#1943,#1944);
#1701=AXIS2_PLACEMENT_3D('',#2394,#1945,#1946);
#1702=AXIS2_PLACEMENT_3D('',#2396,#1947,#1948);
#1703=AXIS2_PLACEMENT_3D('',#2398,#1950,#1951);
#1704=AXIS2_PLACEMENT_3D('',#2400,#1952,#1953);
#1705=AXIS2_PLACEMENT_3D('',#2403,#1955,#1956);
#1706=AXIS2_PLACEMENT_3D('',#2404,#1957,#1958);
#1707=AXIS2_PLACEMENT_3D('',#2405,#1959,#1960);
#1708=AXIS2_PLACEMENT_3D('',#2407,#1961,#1962);
#1709=AXIS2_PLACEMENT_3D('',#2409,#1964,#1965);
#1710=AXIS2_PLACEMENT_3D('',#2411,#1966,#1967);
#1711=AXIS2_PLACEMENT_3D('',#2414,#1969,#1970);
#1712=AXIS2_PLACEMENT_3D('',#2415,#1971,#1972);
#1713=AXIS2_PLACEMENT_3D('',#2416,#1973,#1974);
#1714=AXIS2_PLACEMENT_3D('',#2418,#1975,#1976);
#1715=AXIS2_PLACEMENT_3D('',#2420,#1978,#1979);
#1716=AXIS2_PLACEMENT_3D('',#2422,#1980,#1981);
#1717=AXIS2_PLACEMENT_3D('',#2425,#1983,#1984);
#1718=AXIS2_PLACEMENT_3D('',#2426,#1985,#1986);
#1719=AXIS2_PLACEMENT_3D('',#2427,#1987,#1988);
#1720=AXIS2_PLACEMENT_3D('',#2429,#1989,#1990);
#1721=AXIS2_PLACEMENT_3D('',#2431,#1992,#1993);
#1722=AXIS2_PLACEMENT_3D('',#2433,#1994,#1995);
#1723=AXIS2_PLACEMENT_3D('',#2436,#1997,#1998);
#1724=AXIS2_PLACEMENT_3D('',#2437,#1999,#2000);
#1725=AXIS2_PLACEMENT_3D('',#2438,#2001,#2002);
#1726=AXIS2_PLACEMENT_3D('',#2448,#2007,#2008);
#1727=AXIS2_PLACEMENT_3D('',#2450,#2009,#2010);
#1728=AXIS2_PLACEMENT_3D('',#2452,#2011,#2012);
#1729=AXIS2_PLACEMENT_3D('',#2454,#2013,#2014);
#1730=AXIS2_PLACEMENT_3D('',#2455,#2015,#2016);
#1731=AXIS2_PLACEMENT_3D('',#2457,#2017,#2018);
#1732=AXIS2_PLACEMENT_3D('',#2459,#2020,#2021);
#1733=AXIS2_PLACEMENT_3D('',#2460,#2022,#2023);
#1734=AXIS2_PLACEMENT_3D('',#2462,#2024,#2025);
#1735=AXIS2_PLACEMENT_3D('',#2464,#2027,#2028);
#1736=AXIS2_PLACEMENT_3D('',#2465,#2029,#2030);
#1737=AXIS2_PLACEMENT_3D('',#2467,#2031,#2032);
#1738=AXIS2_PLACEMENT_3D('',#2469,#2034,#2035);
#1739=AXIS2_PLACEMENT_3D('',#2470,#2036,#2037);
#1740=AXIS2_PLACEMENT_3D('',#2472,#2038,#2039);
#1741=AXIS2_PLACEMENT_3D('',#2474,#2041,#2042);
#1742=AXIS2_PLACEMENT_3D('',#2475,#2043,#2044);
#1743=AXIS2_PLACEMENT_3D('',#2481,#2048,#2049);
#1744=AXIS2_PLACEMENT_3D('',#2487,#2053,#2054);
#1745=AXIS2_PLACEMENT_3D('',#2490,#2057,#2058);
#1746=AXIS2_PLACEMENT_3D('',#2491,#2059,#2060);
#1747=AXIS2_PLACEMENT_3D('',#2492,#2061,#2062);
#1748=AXIS2_PLACEMENT_3D('',#2501,#2067,#2068);
#1749=AXIS2_PLACEMENT_3D('',#2507,#2072,#2073);
#1750=AXIS2_PLACEMENT_3D('',#2513,#2077,#2078);
#1751=AXIS2_PLACEMENT_3D('',#2516,#2081,#2082);
#1752=AXIS2_PLACEMENT_3D('',#2525,#2087,#2088);
#1753=AXIS2_PLACEMENT_3D('',#2531,#2092,#2093);
#1754=AXIS2_PLACEMENT_3D('',#2537,#2097,#2098);
#1755=AXIS2_PLACEMENT_3D('',#2540,#2101,#2102);
#1756=AXIS2_PLACEMENT_3D('',#2541,#2103,#2104);
#1757=AXIS2_PLACEMENT_3D('',#2542,#2105,#2106);
#1758=AXIS2_PLACEMENT_3D('',#2551,#2111,#2112);
#1759=AXIS2_PLACEMENT_3D('',#2557,#2116,#2117);
#1760=AXIS2_PLACEMENT_3D('',#2563,#2121,#2122);
#1761=AXIS2_PLACEMENT_3D('',#2569,#2126,#2127);
#1762=AXIS2_PLACEMENT_3D('',#2575,#2131,#2132);
#1763=AXIS2_PLACEMENT_3D('',#2581,#2136,#2137);
#1764=AXIS2_PLACEMENT_3D('',#2587,#2141,#2142);
#1765=AXIS2_PLACEMENT_3D('',#2593,#2146,#2147);
#1766=AXIS2_PLACEMENT_3D('',#2599,#2151,#2152);
#1767=AXIS2_PLACEMENT_3D('',#2605,#2156,#2157);
#1768=AXIS2_PLACEMENT_3D('',#2611,#2161,#2162);
#1769=AXIS2_PLACEMENT_3D('',#2614,#2165,#2166);
#1770=AXIS2_PLACEMENT_3D('',#2623,#2171,#2172);
#1771=AXIS2_PLACEMENT_3D('',#2629,#2176,#2177);
#1772=AXIS2_PLACEMENT_3D('',#2635,#2181,#2182);
#1773=AXIS2_PLACEMENT_3D('',#2638,#2185,#2186);
#1774=AXIS2_PLACEMENT_3D('',#2647,#2191,#2192);
#1775=AXIS2_PLACEMENT_3D('',#2653,#2196,#2197);
#1776=AXIS2_PLACEMENT_3D('',#2659,#2201,#2202);
#1777=AXIS2_PLACEMENT_3D('',#2662,#2205,#2206);
#1778=AXIS2_PLACEMENT_3D('',#2663,#2207,#2208);
#1779=DIRECTION('axis',(0.,0.,1.));
#1780=DIRECTION('refdir',(1.,0.,0.));
#1781=DIRECTION('center_axis',(0.,0.,1.));
#1782=DIRECTION('ref_axis',(0.,1.,0.));
#1783=DIRECTION('',(0.,-1.,0.));
#1784=DIRECTION('',(-1.,0.,0.));
#1785=DIRECTION('',(0.,1.,0.));
#1786=DIRECTION('',(-1.,0.,0.));
#1787=DIRECTION('center_axis',(0.,-1.,0.));
#1788=DIRECTION('ref_axis',(0.,0.,1.));
#1789=DIRECTION('',(0.,0.,-1.));
#1790=DIRECTION('',(0.,0.,1.));
#1791=DIRECTION('',(-1.,0.,0.));
#1792=DIRECTION('center_axis',(0.,0.,-1.));
#1793=DIRECTION('ref_axis',(0.,-1.,0.));
#1794=DIRECTION('',(0.,1.,0.));
#1795=DIRECTION('',(0.,-1.,0.));
#1796=DIRECTION('',(-1.,0.,0.));
#1797=DIRECTION('center_axis',(0.,1.,0.));
#1798=DIRECTION('ref_axis',(0.,0.,-1.));
#1799=DIRECTION('',(0.,0.,1.));
#1800=DIRECTION('',(0.,0.,-1.));
#1801=DIRECTION('center_axis',(0.,0.,1.));
#1802=DIRECTION('ref_axis',(1.,0.,0.));
#1803=DIRECTION('',(-1.,0.,0.));
#1804=DIRECTION('',(0.,1.,0.));
#1805=DIRECTION('',(1.,0.,0.));
#1806=DIRECTION('',(0.,1.,0.));
#1807=DIRECTION('center_axis',(-1.,0.,0.));
#1808=DIRECTION('ref_axis',(0.,0.,1.));
#1809=DIRECTION('',(0.,0.,-1.));
#1810=DIRECTION('',(0.,0.,1.));
#1811=DIRECTION('',(0.,1.,0.));
#1812=DIRECTION('center_axis',(0.,0.,-1.));
#1813=DIRECTION('ref_axis',(-1.,0.,0.));
#1814=DIRECTION('',(1.,0.,0.));
#1815=DIRECTION('',(-1.,0.,0.));
#1816=DIRECTION('',(0.,1.,0.));
#1817=DIRECTION('center_axis',(1.,0.,0.));
#1818=DIRECTION('ref_axis',(0.,0.,-1.));
#1819=DIRECTION('',(0.,0.,1.));
#1820=DIRECTION('',(0.,0.,-1.));
#1821=DIRECTION('center_axis',(0.,0.,-1.));
#1822=DIRECTION('ref_axis',(-1.,0.,0.));
#1823=DIRECTION('',(1.,0.,0.));
#1824=DIRECTION('',(0.,1.,0.));
#1825=DIRECTION('',(-1.,0.,0.));
#1826=DIRECTION('',(0.,1.,0.));
#1827=DIRECTION('center_axis',(1.,0.,0.));
#1828=DIRECTION('ref_axis',(0.,0.,-1.));
#1829=DIRECTION('',(0.,0.,1.));
#1830=DIRECTION('',(0.,0.,-1.));
#1831=DIRECTION('',(0.,1.,0.));
#1832=DIRECTION('center_axis',(0.,0.,1.));
#1833=DIRECTION('ref_axis',(1.,0.,0.));
#1834=DIRECTION('',(-1.,0.,0.));
#1835=DIRECTION('',(1.,0.,0.));
#1836=DIRECTION('',(0.,1.,0.));
#1837=DIRECTION('center_axis',(-1.,0.,0.));
#1838=DIRECTION('ref_axis',(0.,0.,1.));
#1839=DIRECTION('',(0.,0.,-1.));
#1840=DIRECTION('',(0.,0.,1.));
#1841=DIRECTION('center_axis',(0.,0.,1.));
#1842=DIRECTION('ref_axis',(1.,0.,0.));
#1843=DIRECTION('',(1.,0.,0.));
#1844=DIRECTION('',(0.,1.,0.));
#1845=DIRECTION('',(-1.,0.,0.));
#1846=DIRECTION('',(0.,-1.,0.));
#1847=DIRECTION('',(1.,0.,0.));
#1848=DIRECTION('',(0.,-1.,0.));
#1849=DIRECTION('',(-1.,0.,0.));
#1850=DIRECTION('',(0.,1.,0.));
#1851=DIRECTION('center_axis',(-1.,0.,0.));
#1852=DIRECTION('ref_axis',(0.,1.,0.));
#1853=DIRECTION('',(0.,0.,1.));
#1854=DIRECTION('',(0.,1.,0.));
#1855=DIRECTION('',(0.,0.,1.));
#1856=DIRECTION('center_axis',(0.,1.,0.));
#1857=DIRECTION('ref_axis',(1.,0.,0.));
#1858=DIRECTION('',(1.,0.,0.));
#1859=DIRECTION('',(0.,0.,1.));
#1860=DIRECTION('center_axis',(1.,0.,0.));
#1861=DIRECTION('ref_axis',(0.,-1.,0.));
#1862=DIRECTION('',(0.,-1.,0.));
#1863=DIRECTION('',(0.,0.,-1.));
#1864=DIRECTION('center_axis',(0.,-1.,0.));
#1865=DIRECTION('ref_axis',(-1.,0.,0.));
#1866=DIRECTION('',(-1.,0.,0.));
#1867=DIRECTION('center_axis',(1.,0.,0.));
#1868=DIRECTION('ref_axis',(0.,-1.,0.));
#1869=DIRECTION('',(0.,0.,1.));
#1870=DIRECTION('',(0.,-1.,0.));
#1871=DIRECTION('',(0.,0.,1.));
#1872=DIRECTION('center_axis',(0.,1.,0.));
#1873=DIRECTION('ref_axis',(1.,0.,0.));
#1874=DIRECTION('',(1.,0.,0.));
#1875=DIRECTION('',(0.,0.,1.));
#1876=DIRECTION('center_axis',(-1.,0.,0.));
#1877=DIRECTION('ref_axis',(0.,1.,0.));
#1878=DIRECTION('',(0.,1.,0.));
#1879=DIRECTION('',(0.,0.,-1.));
#1880=DIRECTION('center_axis',(0.,-1.,0.));
#1881=DIRECTION('ref_axis',(-1.,0.,0.));
#1882=DIRECTION('',(-1.,0.,0.));
#1883=DIRECTION('center_axis',(0.,0.,-1.));
#1884=DIRECTION('ref_axis',(-1.,0.,0.));
#1885=DIRECTION('center_axis',(-1.,0.,0.));
#1886=DIRECTION('ref_axis',(0.,1.,0.));
#1887=DIRECTION('',(0.,1.,0.));
#1888=DIRECTION('',(0.,0.,-1.));
#1889=DIRECTION('',(0.,1.,0.));
#1890=DIRECTION('',(0.,0.,-1.));
#1891=DIRECTION('center_axis',(0.,1.,0.));
#1892=DIRECTION('ref_axis',(1.,0.,0.));
#1893=DIRECTION('',(1.,0.,0.));
#1894=DIRECTION('',(1.,0.,0.));
#1895=DIRECTION('',(0.,0.,-1.));
#1896=DIRECTION('center_axis',(1.,0.,0.));
#1897=DIRECTION('ref_axis',(0.,-1.,0.));
#1898=DIRECTION('',(0.,-1.,0.));
#1899=DIRECTION('',(0.,-1.,0.));
#1900=DIRECTION('',(0.,0.,-1.));
#1901=DIRECTION('center_axis',(0.,-1.,0.));
#1902=DIRECTION('ref_axis',(-1.,0.,0.));
#1903=DIRECTION('',(-1.,0.,0.));
#1904=DIRECTION('',(-1.,0.,0.));
#1905=DIRECTION('center_axis',(1.,0.,0.));
#1906=DIRECTION('ref_axis',(0.,-1.,0.));
#1907=DIRECTION('',(0.,-1.,0.));
#1908=DIRECTION('',(0.,0.,-1.));
#1909=DIRECTION('',(0.,-1.,0.));
#1910=DIRECTION('',(0.,0.,-1.));
#1911=DIRECTION('center_axis',(0.,1.,0.));
#1912=DIRECTION('ref_axis',(1.,0.,0.));
#1913=DIRECTION('',(1.,0.,0.));
#1914=DIRECTION('',(1.,0.,0.));
#1915=DIRECTION('',(0.,0.,-1.));
#1916=DIRECTION('center_axis',(-1.,0.,0.));
#1917=DIRECTION('ref_axis',(0.,1.,0.));
#1918=DIRECTION('',(0.,1.,0.));
#1919=DIRECTION('',(0.,1.,0.));
#1920=DIRECTION('',(0.,0.,-1.));
#1921=DIRECTION('center_axis',(0.,-1.,0.));
#1922=DIRECTION('ref_axis',(-1.,0.,0.));
#1923=DIRECTION('',(-1.,0.,0.));
#1924=DIRECTION('',(-1.,0.,0.));
#1925=DIRECTION('center_axis',(0.,0.,-1.));
#1926=DIRECTION('ref_axis',(-1.,0.,0.));
#1927=DIRECTION('center_axis',(0.,0.,-1.));
#1928=DIRECTION('ref_axis',(-1.,0.,0.));
#1929=DIRECTION('center_axis',(0.,0.,1.));
#1930=DIRECTION('ref_axis',(0.,1.,0.));
#1931=DIRECTION('center_axis',(0.,0.,-1.));
#1932=DIRECTION('ref_axis',(-1.,0.,0.));
#1933=DIRECTION('center_axis',(0.,0.,1.));
#1934=DIRECTION('ref_axis',(0.,1.,0.));
#1935=DIRECTION('center_axis',(0.,0.,-1.));
#1936=DIRECTION('ref_axis',(-1.,0.,0.));
#1937=DIRECTION('center_axis',(0.,0.,1.));
#1938=DIRECTION('ref_axis',(0.,1.,0.));
#1939=DIRECTION('center_axis',(0.,0.,-1.));
#1940=DIRECTION('ref_axis',(-1.,0.,0.));
#1941=DIRECTION('center_axis',(0.,0.,1.));
#1942=DIRECTION('ref_axis',(0.,1.,0.));
#1943=DIRECTION('center_axis',(0.,0.,-1.));
#1944=DIRECTION('ref_axis',(-1.,0.,0.));
#1945=DIRECTION('center_axis',(0.,0.,1.));
#1946=DIRECTION('ref_axis',(-1.,0.,0.));
#1947=DIRECTION('center_axis',(0.,0.,-1.));
#1948=DIRECTION('ref_axis',(-1.,0.,0.));
#1949=DIRECTION('',(0.,0.,-1.));
#1950=DIRECTION('center_axis',(0.,0.,1.));
#1951=DIRECTION('ref_axis',(-1.,0.,0.));
#1952=DIRECTION('center_axis',(0.,0.,1.));
#1953=DIRECTION('ref_axis',(-1.,0.,0.));
#1954=DIRECTION('',(0.,0.,-1.));
#1955=DIRECTION('center_axis',(0.,0.,-1.));
#1956=DIRECTION('ref_axis',(-1.,0.,0.));
#1957=DIRECTION('center_axis',(0.,0.,1.));
#1958=DIRECTION('ref_axis',(-1.,0.,0.));
#1959=DIRECTION('center_axis',(0.,0.,1.));
#1960=DIRECTION('ref_axis',(-1.,0.,0.));
#1961=DIRECTION('center_axis',(0.,0.,-1.));
#1962=DIRECTION('ref_axis',(-1.,0.,0.));
#1963=DIRECTION('',(0.,0.,-1.));
#1964=DIRECTION('center_axis',(0.,0.,1.));
#1965=DIRECTION('ref_axis',(-1.,0.,0.));
#1966=DIRECTION('center_axis',(0.,0.,1.));
#1967=DIRECTION('ref_axis',(-1.,0.,0.));
#1968=DIRECTION('',(0.,0.,-1.));
#1969=DIRECTION('center_axis',(0.,0.,-1.));
#1970=DIRECTION('ref_axis',(-1.,0.,0.));
#1971=DIRECTION('center_axis',(0.,0.,1.));
#1972=DIRECTION('ref_axis',(-1.,0.,0.));
#1973=DIRECTION('center_axis',(0.,0.,1.));
#1974=DIRECTION('ref_axis',(-1.,0.,0.));
#1975=DIRECTION('center_axis',(0.,0.,-1.));
#1976=DIRECTION('ref_axis',(-1.,0.,0.));
#1977=DIRECTION('',(0.,0.,-1.));
#1978=DIRECTION('center_axis',(0.,0.,1.));
#1979=DIRECTION('ref_axis',(-1.,0.,0.));
#1980=DIRECTION('center_axis',(0.,0.,1.));
#1981=DIRECTION('ref_axis',(-1.,0.,0.));
#1982=DIRECTION('',(0.,0.,-1.));
#1983=DIRECTION('center_axis',(0.,0.,-1.));
#1984=DIRECTION('ref_axis',(-1.,0.,0.));
#1985=DIRECTION('center_axis',(0.,0.,1.));
#1986=DIRECTION('ref_axis',(-1.,0.,0.));
#1987=DIRECTION('center_axis',(0.,0.,1.));
#1988=DIRECTION('ref_axis',(-1.,0.,0.));
#1989=DIRECTION('center_axis',(0.,0.,-1.));
#1990=DIRECTION('ref_axis',(-1.,0.,0.));
#1991=DIRECTION('',(0.,0.,-1.));
#1992=DIRECTION('center_axis',(0.,0.,1.));
#1993=DIRECTION('ref_axis',(-1.,0.,0.));
#1994=DIRECTION('center_axis',(0.,0.,1.));
#1995=DIRECTION('ref_axis',(-1.,0.,0.));
#1996=DIRECTION('',(0.,0.,-1.));
#1997=DIRECTION('center_axis',(0.,0.,-1.));
#1998=DIRECTION('ref_axis',(-1.,0.,0.));
#1999=DIRECTION('center_axis',(0.,0.,1.));
#2000=DIRECTION('ref_axis',(-1.,0.,0.));
#2001=DIRECTION('center_axis',(0.,0.,1.));
#2002=DIRECTION('ref_axis',(0.,1.,0.));
#2003=DIRECTION('',(0.,1.,0.));
#2004=DIRECTION('',(-1.,0.,0.));
#2005=DIRECTION('',(0.,1.,0.));
#2006=DIRECTION('',(-1.,0.,0.));
#2007=DIRECTION('center_axis',(0.,0.,-1.));
#2008=DIRECTION('ref_axis',(-1.,0.,0.));
#2009=DIRECTION('center_axis',(0.,0.,-1.));
#2010=DIRECTION('ref_axis',(-1.,0.,0.));
#2011=DIRECTION('center_axis',(0.,0.,-1.));
#2012=DIRECTION('ref_axis',(-1.,0.,0.));
#2013=DIRECTION('center_axis',(0.,0.,-1.));
#2014=DIRECTION('ref_axis',(-1.,0.,0.));
#2015=DIRECTION('center_axis',(0.,0.,1.));
#2016=DIRECTION('ref_axis',(-1.,0.,0.));
#2017=DIRECTION('center_axis',(0.,0.,1.));
#2018=DIRECTION('ref_axis',(-1.,0.,0.));
#2019=DIRECTION('',(0.,0.,-1.));
#2020=DIRECTION('center_axis',(0.,0.,1.));
#2021=DIRECTION('ref_axis',(-1.,0.,0.));
#2022=DIRECTION('center_axis',(0.,0.,1.));
#2023=DIRECTION('ref_axis',(-1.,0.,0.));
#2024=DIRECTION('center_axis',(0.,0.,1.));
#2025=DIRECTION('ref_axis',(-1.,0.,0.));
#2026=DIRECTION('',(0.,0.,-1.));
#2027=DIRECTION('center_axis',(0.,0.,1.));
#2028=DIRECTION('ref_axis',(-1.,0.,0.));
#2029=DIRECTION('center_axis',(0.,0.,1.));
#2030=DIRECTION('ref_axis',(-1.,0.,0.));
#2031=DIRECTION('center_axis',(0.,0.,1.));
#2032=DIRECTION('ref_axis',(-1.,0.,0.));
#2033=DIRECTION('',(0.,0.,-1.));
#2034=DIRECTION('center_axis',(0.,0.,1.));
#2035=DIRECTION('ref_axis',(-1.,0.,0.));
#2036=DIRECTION('center_axis',(0.,0.,1.));
#2037=DIRECTION('ref_axis',(-1.,0.,0.));
#2038=DIRECTION('center_axis',(0.,0.,1.));
#2039=DIRECTION('ref_axis',(-1.,0.,0.));
#2040=DIRECTION('',(0.,0.,-1.));
#2041=DIRECTION('center_axis',(0.,0.,1.));
#2042=DIRECTION('ref_axis',(-1.,0.,0.));
#2043=DIRECTION('center_axis',(0.,-1.,0.));
#2044=DIRECTION('ref_axis',(0.,0.,1.));
#2045=DIRECTION('',(0.,0.,-1.));
#2046=DIRECTION('',(0.,0.,1.));
#2047=DIRECTION('',(-1.,0.,0.));
#2048=DIRECTION('center_axis',(0.,0.,-1.));
#2049=DIRECTION('ref_axis',(0.,-1.,0.));
#2050=DIRECTION('',(0.,1.,0.));
#2051=DIRECTION('',(0.,-1.,0.));
#2052=DIRECTION('',(-1.,0.,0.));
#2053=DIRECTION('center_axis',(0.,1.,0.));
#2054=DIRECTION('ref_axis',(0.,0.,-1.));
#2055=DIRECTION('',(0.,0.,-1.));
#2056=DIRECTION('',(0.,0.,-1.));
#2057=DIRECTION('center_axis',(-1.,0.,0.));
#2058=DIRECTION('ref_axis',(0.,0.,1.));
#2059=DIRECTION('center_axis',(-1.,0.,0.));
#2060=DIRECTION('ref_axis',(0.,1.,0.));
#2061=DIRECTION('center_axis',(1.,0.,0.));
#2062=DIRECTION('ref_axis',(0.,1.,0.));
#2063=DIRECTION('',(0.,1.,0.));
#2064=DIRECTION('',(0.,0.,1.));
#2065=DIRECTION('',(0.,1.,0.));
#2066=DIRECTION('',(0.,0.,1.));
#2067=DIRECTION('center_axis',(0.,1.,0.));
#2068=DIRECTION('ref_axis',(-1.,0.,0.));
#2069=DIRECTION('',(-1.,0.,0.));
#2070=DIRECTION('',(-1.,0.,0.));
#2071=DIRECTION('',(0.,0.,1.));
#2072=DIRECTION('center_axis',(-1.,0.,0.));
#2073=DIRECTION('ref_axis',(0.,-1.,0.));
#2074=DIRECTION('',(0.,-1.,0.));
#2075=DIRECTION('',(0.,-1.,0.));
#2076=DIRECTION('',(0.,0.,1.));
#2077=DIRECTION('center_axis',(0.,-1.,0.));
#2078=DIRECTION('ref_axis',(1.,0.,0.));
#2079=DIRECTION('',(1.,0.,0.));
#2080=DIRECTION('',(1.,0.,0.));
#2081=DIRECTION('center_axis',(-1.,0.,0.));
#2082=DIRECTION('ref_axis',(0.,-1.,0.));
#2083=DIRECTION('',(0.,-1.,0.));
#2084=DIRECTION('',(0.,0.,1.));
#2085=DIRECTION('',(0.,-1.,0.));
#2086=DIRECTION('',(0.,0.,1.));
#2087=DIRECTION('center_axis',(0.,1.,0.));
#2088=DIRECTION('ref_axis',(-1.,0.,0.));
#2089=DIRECTION('',(-1.,0.,0.));
#2090=DIRECTION('',(-1.,0.,0.));
#2091=DIRECTION('',(0.,0.,1.));
#2092=DIRECTION('center_axis',(1.,0.,0.));
#2093=DIRECTION('ref_axis',(0.,1.,0.));
#2094=DIRECTION('',(0.,1.,0.));
#2095=DIRECTION('',(0.,1.,0.));
#2096=DIRECTION('',(0.,0.,1.));
#2097=DIRECTION('center_axis',(0.,-1.,0.));
#2098=DIRECTION('ref_axis',(1.,0.,0.));
#2099=DIRECTION('',(1.,0.,0.));
#2100=DIRECTION('',(1.,0.,0.));
#2101=DIRECTION('center_axis',(0.,0.,1.));
#2102=DIRECTION('ref_axis',(1.,0.,0.));
#2103=DIRECTION('center_axis',(0.,0.,1.));
#2104=DIRECTION('ref_axis',(1.,0.,0.));
#2105=DIRECTION('center_axis',(-1.,0.,0.));
#2106=DIRECTION('ref_axis',(0.,1.,0.));
#2107=DIRECTION('',(0.,-1.,0.));
#2108=DIRECTION('',(0.,0.,-1.));
#2109=DIRECTION('',(0.,1.,0.));
#2110=DIRECTION('',(0.,0.,-1.));
#2111=DIRECTION('center_axis',(0.,-1.,0.));
#2112=DIRECTION('ref_axis',(-1.,0.,0.));
#2113=DIRECTION('',(1.,0.,0.));
#2114=DIRECTION('',(-1.,0.,0.));
#2115=DIRECTION('',(0.,0.,-1.));
#2116=DIRECTION('center_axis',(1.,0.,0.));
#2117=DIRECTION('ref_axis',(0.,-1.,0.));
#2118=DIRECTION('',(0.,1.,0.));
#2119=DIRECTION('',(0.,-1.,0.));
#2120=DIRECTION('',(0.,0.,-1.));
#2121=DIRECTION('center_axis',(0.,-1.,0.));
#2122=DIRECTION('ref_axis',(-1.,0.,0.));
#2123=DIRECTION('',(1.,0.,0.));
#2124=DIRECTION('',(-1.,0.,0.));
#2125=DIRECTION('',(0.,0.,-1.));
#2126=DIRECTION('center_axis',(1.,0.,0.));
#2127=DIRECTION('ref_axis',(0.,-1.,0.));
#2128=DIRECTION('',(0.,1.,0.));
#2129=DIRECTION('',(0.,-1.,0.));
#2130=DIRECTION('',(0.,0.,-1.));
#2131=DIRECTION('center_axis',(0.,1.,0.));
#2132=DIRECTION('ref_axis',(1.,0.,0.));
#2133=DIRECTION('',(-1.,0.,0.));
#2134=DIRECTION('',(1.,0.,0.));
#2135=DIRECTION('',(0.,0.,-1.));
#2136=DIRECTION('center_axis',(1.,0.,0.));
#2137=DIRECTION('ref_axis',(0.,-1.,0.));
#2138=DIRECTION('',(0.,1.,0.));
#2139=DIRECTION('',(0.,-1.,0.));
#2140=DIRECTION('',(0.,0.,-1.));
#2141=DIRECTION('center_axis',(0.,1.,0.));
#2142=DIRECTION('ref_axis',(1.,0.,0.));
#2143=DIRECTION('',(-1.,0.,0.));
#2144=DIRECTION('',(1.,0.,0.));
#2145=DIRECTION('',(0.,0.,-1.));
#2146=DIRECTION('center_axis',(-1.,0.,0.));
#2147=DIRECTION('ref_axis',(0.,1.,0.));
#2148=DIRECTION('',(0.,-1.,0.));
#2149=DIRECTION('',(0.,1.,0.));
#2150=DIRECTION('',(0.,0.,-1.));
#2151=DIRECTION('center_axis',(0.,1.,0.));
#2152=DIRECTION('ref_axis',(1.,0.,0.));
#2153=DIRECTION('',(-1.,0.,0.));
#2154=DIRECTION('',(1.,0.,0.));
#2155=DIRECTION('',(0.,0.,-1.));
#2156=DIRECTION('center_axis',(-1.,0.,0.));
#2157=DIRECTION('ref_axis',(0.,1.,0.));
#2158=DIRECTION('',(0.,-1.,0.));
#2159=DIRECTION('',(0.,1.,0.));
#2160=DIRECTION('',(0.,0.,-1.));
#2161=DIRECTION('center_axis',(0.,-1.,0.));
#2162=DIRECTION('ref_axis',(-1.,0.,0.));
#2163=DIRECTION('',(1.,0.,0.));
#2164=DIRECTION('',(-1.,0.,0.));
#2165=DIRECTION('center_axis',(1.,0.,0.));
#2166=DIRECTION('ref_axis',(0.,-1.,0.));
#2167=DIRECTION('',(0.,1.,0.));
#2168=DIRECTION('',(0.,0.,-1.));
#2169=DIRECTION('',(0.,-1.,0.));
#2170=DIRECTION('',(0.,0.,-1.));
#2171=DIRECTION('center_axis',(0.,1.,0.));
#2172=DIRECTION('ref_axis',(1.,0.,0.));
#2173=DIRECTION('',(-1.,0.,0.));
#2174=DIRECTION('',(1.,0.,0.));
#2175=DIRECTION('',(0.,0.,-1.));
#2176=DIRECTION('center_axis',(-1.,0.,0.));
#2177=DIRECTION('ref_axis',(0.,1.,0.));
#2178=DIRECTION('',(0.,-1.,0.));
#2179=DIRECTION('',(0.,1.,0.));
#2180=DIRECTION('',(0.,0.,-1.));
#2181=DIRECTION('center_axis',(0.,-1.,0.));
#2182=DIRECTION('ref_axis',(-1.,0.,0.));
#2183=DIRECTION('',(1.,0.,0.));
#2184=DIRECTION('',(-1.,0.,0.));
#2185=DIRECTION('center_axis',(0.,1.,0.));
#2186=DIRECTION('ref_axis',(0.,0.,-1.));
#2187=DIRECTION('',(0.,0.,1.));
#2188=DIRECTION('',(-1.,0.,0.));
#2189=DIRECTION('',(0.,0.,-1.));
#2190=DIRECTION('',(-1.,0.,0.));
#2191=DIRECTION('center_axis',(0.,0.,1.));
#2192=DIRECTION('ref_axis',(0.,1.,0.));
#2193=DIRECTION('',(0.,-1.,0.));
#2194=DIRECTION('',(0.,1.,0.));
#2195=DIRECTION('',(-1.,0.,0.));
#2196=DIRECTION('center_axis',(0.,-1.,0.));
#2197=DIRECTION('ref_axis',(0.,0.,1.));
#2198=DIRECTION('',(0.,0.,1.));
#2199=DIRECTION('',(0.,0.,1.));
#2200=DIRECTION('',(-1.,0.,0.));
#2201=DIRECTION('center_axis',(0.,0.,-1.));
#2202=DIRECTION('ref_axis',(0.,-1.,0.));
#2203=DIRECTION('',(0.,-1.,0.));
#2204=DIRECTION('',(0.,-1.,0.));
#2205=DIRECTION('center_axis',(-1.,0.,0.));
#2206=DIRECTION('ref_axis',(0.,0.,1.));
#2207=DIRECTION('center_axis',(-1.,0.,0.));
#2208=DIRECTION('ref_axis',(0.,-1.,0.));
#2209=CARTESIAN_POINT('',(0.,0.,0.));
#2210=CARTESIAN_POINT('Origin',(164.5351,-88.034117522812,5.35333012946991));
#2211=CARTESIAN_POINT('',(162.0351,-77.9383062038431,5.35333012946991));
#2212=CARTESIAN_POINT('',(162.0351,-88.034117522812,5.35333012946991));
#2213=CARTESIAN_POINT('',(162.0351,-133.517058761406,5.35333012946991));
#2214=CARTESIAN_POINT('',(164.5351,-77.9383062038431,5.35333012946991));
#2215=CARTESIAN_POINT('',(164.5351,-77.9383062038431,5.35333012946991));
#2216=CARTESIAN_POINT('',(164.5351,-88.034117522812,5.35333012946991));
#2217=CARTESIAN_POINT('',(164.5351,-68.517058761406,5.35333012946991));
#2218=CARTESIAN_POINT('',(164.5351,-88.034117522812,5.35333012946991));
#2219=CARTESIAN_POINT('Origin',(164.5351,-88.034117522812,1.45605002472088));
#2220=CARTESIAN_POINT('',(162.0351,-88.034117522812,1.45605002472088));
#2221=CARTESIAN_POINT('',(162.0351,-88.034117522812,0.728025012360438));
#2222=CARTESIAN_POINT('',(164.5351,-88.034117522812,1.45605002472088));
#2223=CARTESIAN_POINT('',(164.5351,-88.034117522812,0.728025012360438));
#2224=CARTESIAN_POINT('',(164.5351,-88.034117522812,1.45605002472088));
#2225=CARTESIAN_POINT('Origin',(164.5351,-77.9383062038431,1.45605002472088));
#2226=CARTESIAN_POINT('',(162.0351,-77.9383062038431,1.45605002472088));
#2227=CARTESIAN_POINT('',(162.0351,-128.469153101922,1.45605002472088));
#2228=CARTESIAN_POINT('',(164.5351,-77.9383062038431,1.45605002472088));
#2229=CARTESIAN_POINT('',(164.5351,-63.4691531019216,1.45605002472088));
#2230=CARTESIAN_POINT('',(164.5351,-77.9383062038431,1.45605002472088));
#2231=CARTESIAN_POINT('Origin',(164.5351,-77.9383062038431,5.35333012946991));
#2232=CARTESIAN_POINT('',(162.0351,-77.9383062038431,2.67666506473496));
#2233=CARTESIAN_POINT('',(164.5351,-77.9383062038431,2.67666506473496));
#2234=CARTESIAN_POINT('Origin',(120.415351238009,-181.5,-3.60500395514887));
#2235=CARTESIAN_POINT('',(129.792558770098,-179.,-3.60500395514887));
#2236=CARTESIAN_POINT('',(120.415351238009,-179.,-3.60500395514887));
#2237=CARTESIAN_POINT('',(99.8326756190044,-179.,-3.60500395514887));
#2238=CARTESIAN_POINT('',(129.792558770098,-181.5,-3.60500395514887));
#2239=CARTESIAN_POINT('',(129.792558770098,-181.5,-3.60500395514887));
#2240=CARTESIAN_POINT('',(120.415351238009,-181.5,-3.60500395514887));
#2241=CARTESIAN_POINT('',(142.475225619005,-181.5,-3.60500395514887));
#2242=CARTESIAN_POINT('',(120.415351238009,-181.5,-3.60500395514887));
#2243=CARTESIAN_POINT('Origin',(120.415351238009,-181.5,-7.59754049542199));
#2244=CARTESIAN_POINT('',(120.415351238009,-179.,-7.59754049542199));
#2245=CARTESIAN_POINT('',(120.415351238009,-179.,-3.79877024771099));
#2246=CARTESIAN_POINT('',(120.415351238009,-181.5,-7.59754049542199));
#2247=CARTESIAN_POINT('',(120.415351238009,-181.5,-3.79877024771099));
#2248=CARTESIAN_POINT('',(120.415351238009,-181.5,-7.59754049542199));
#2249=CARTESIAN_POINT('Origin',(129.792558770098,-181.5,-7.59754049542199));
#2250=CARTESIAN_POINT('',(129.792558770098,-179.,-7.59754049542199));
#2251=CARTESIAN_POINT('',(104.521279385049,-179.,-7.59754049542199));
#2252=CARTESIAN_POINT('',(129.792558770098,-181.5,-7.59754049542199));
#2253=CARTESIAN_POINT('',(147.163829385049,-181.5,-7.59754049542199));
#2254=CARTESIAN_POINT('',(129.792558770098,-181.5,-7.59754049542199));
#2255=CARTESIAN_POINT('Origin',(129.792558770098,-181.5,-3.60500395514887));
#2256=CARTESIAN_POINT('',(129.792558770098,-179.,-1.80250197757444));
#2257=CARTESIAN_POINT('',(129.792558770098,-181.5,-1.80250197757444));
#2258=CARTESIAN_POINT('Origin',(116.291481258911,-181.5,-7.59754049542199));
#2259=CARTESIAN_POINT('',(106.494006722583,-179.,-7.59754049542199));
#2260=CARTESIAN_POINT('',(116.291481258911,-179.,-7.59754049542199));
#2261=CARTESIAN_POINT('',(97.7707406294554,-179.,-7.59754049542199));
#2262=CARTESIAN_POINT('',(106.494006722583,-181.5,-7.59754049542199));
#2263=CARTESIAN_POINT('',(106.494006722583,-181.5,-7.59754049542199));
#2264=CARTESIAN_POINT('',(116.291481258911,-181.5,-7.59754049542199));
#2265=CARTESIAN_POINT('',(140.413290629456,-181.5,-7.59754049542199));
#2266=CARTESIAN_POINT('',(116.291481258911,-181.5,-7.59754049542199));
#2267=CARTESIAN_POINT('Origin',(116.291481258911,-181.5,-3.60500395514887));
#2268=CARTESIAN_POINT('',(116.291481258911,-179.,-3.60500395514887));
#2269=CARTESIAN_POINT('',(116.291481258911,-179.,-1.80250197757444));
#2270=CARTESIAN_POINT('',(116.291481258911,-181.5,-3.60500395514887));
#2271=CARTESIAN_POINT('',(116.291481258911,-181.5,-1.80250197757444));
#2272=CARTESIAN_POINT('',(116.291481258911,-181.5,-3.60500395514887));
#2273=CARTESIAN_POINT('Origin',(106.494006722583,-181.5,-3.60500395514887));
#2274=CARTESIAN_POINT('',(106.494006722583,-179.,-3.60500395514887));
#2275=CARTESIAN_POINT('',(92.8720033612914,-179.,-3.60500395514887));
#2276=CARTESIAN_POINT('',(106.494006722583,-181.5,-3.60500395514887));
#2277=CARTESIAN_POINT('',(135.514553361292,-181.5,-3.60500395514887));
#2278=CARTESIAN_POINT('',(106.494006722583,-181.5,-3.60500395514887));
#2279=CARTESIAN_POINT('Origin',(106.494006722583,-181.5,-7.59754049542199));
#2280=CARTESIAN_POINT('',(106.494006722583,-179.,-3.79877024771099));
#2281=CARTESIAN_POINT('',(106.494006722583,-181.5,-3.79877024771099));
#2282=CARTESIAN_POINT('Origin',(120.64255,-115.25,20.));
#2283=CARTESIAN_POINT('',(76.7499999999998,-181.5,20.));
#2284=CARTESIAN_POINT('',(164.5351,-181.5,20.));
#2285=CARTESIAN_POINT('',(164.5351,-181.5,20.));
#2286=CARTESIAN_POINT('',(164.5351,-49.,20.));
#2287=CARTESIAN_POINT('',(164.5351,-49.,20.));
#2288=CARTESIAN_POINT('',(76.7499999999998,-49.,20.));
#2289=CARTESIAN_POINT('',(76.7499999999998,-49.,20.));
#2290=CARTESIAN_POINT('',(76.7499999999998,-181.5,20.));
#2291=CARTESIAN_POINT('',(79.2499999999998,-51.5,20.));
#2292=CARTESIAN_POINT('',(162.0351,-51.5,20.));
#2293=CARTESIAN_POINT('',(79.2499999999998,-51.5,20.));
#2294=CARTESIAN_POINT('',(162.0351,-179.,20.));
#2295=CARTESIAN_POINT('',(162.0351,-51.5,20.));
#2296=CARTESIAN_POINT('',(79.2499999999998,-179.,20.));
#2297=CARTESIAN_POINT('',(162.0351,-179.,20.));
#2298=CARTESIAN_POINT('',(79.2499999999998,-179.,20.));
#2299=CARTESIAN_POINT('Origin',(162.0351,-179.,0.));
#2300=CARTESIAN_POINT('',(162.0351,-51.5,-8.));
#2301=CARTESIAN_POINT('',(162.0351,-51.5,0.));
#2302=CARTESIAN_POINT('',(162.0351,-179.,-8.));
#2303=CARTESIAN_POINT('',(162.0351,-51.5,-8.));
#2304=CARTESIAN_POINT('',(162.0351,-179.,0.));
#2305=CARTESIAN_POINT('Origin',(79.2499999999998,-179.,0.));
#2306=CARTESIAN_POINT('',(79.2499999999998,-179.,-8.));
#2307=CARTESIAN_POINT('',(162.0351,-179.,-8.));
#2308=CARTESIAN_POINT('',(79.2499999999998,-179.,0.));
#2309=CARTESIAN_POINT('Origin',(79.2499999999998,-51.5,0.));
#2310=CARTESIAN_POINT('',(79.2499999999998,-51.5,-8.));
#2311=CARTESIAN_POINT('',(79.2499999999998,-179.,-8.));
#2312=CARTESIAN_POINT('',(79.2499999999998,-51.5,0.));
#2313=CARTESIAN_POINT('Origin',(162.0351,-51.5,0.));
#2314=CARTESIAN_POINT('',(79.2499999999998,-51.5,-8.));
#2315=CARTESIAN_POINT('Origin',(164.5351,-49.,0.));
#2316=CARTESIAN_POINT('',(164.5351,-181.5,-8.));
#2317=CARTESIAN_POINT('',(164.5351,-181.5,0.));
#2318=CARTESIAN_POINT('',(164.5351,-49.,-8.));
#2319=CARTESIAN_POINT('',(164.5351,-49.,-8.));
#2320=CARTESIAN_POINT('',(164.5351,-49.,0.));
#2321=CARTESIAN_POINT('Origin',(76.7499999999998,-49.,0.));
#2322=CARTESIAN_POINT('',(76.7499999999998,-49.,-8.));
#2323=CARTESIAN_POINT('',(76.7499999999998,-49.,-8.));
#2324=CARTESIAN_POINT('',(76.7499999999998,-49.,0.));
#2325=CARTESIAN_POINT('Origin',(76.7499999999998,-181.5,0.));
#2326=CARTESIAN_POINT('',(76.7499999999998,-181.5,-8.));
#2327=CARTESIAN_POINT('',(76.7499999999998,-181.5,-8.));
#2328=CARTESIAN_POINT('',(76.7499999999998,-181.5,0.));
#2329=CARTESIAN_POINT('Origin',(164.5351,-181.5,0.));
#2330=CARTESIAN_POINT('',(164.5351,-181.5,-8.));
#2331=CARTESIAN_POINT('Origin',(120.64255,-115.25,-8.));
#2332=CARTESIAN_POINT('Origin',(162.0351,-179.,-8.));
#2333=CARTESIAN_POINT('',(162.0351,-179.,-8.));
#2334=CARTESIAN_POINT('',(162.0351,-51.5,-8.));
#2335=CARTESIAN_POINT('',(162.0351,-51.5,-8.));
#2336=CARTESIAN_POINT('',(162.0351,-51.5,-10.));
#2337=CARTESIAN_POINT('',(162.0351,-51.5,-8.));
#2338=CARTESIAN_POINT('',(162.0351,-179.,-10.));
#2339=CARTESIAN_POINT('',(162.0351,-51.5,-10.));
#2340=CARTESIAN_POINT('',(162.0351,-179.,-8.));
#2341=CARTESIAN_POINT('Origin',(79.2499999999998,-179.,-8.));
#2342=CARTESIAN_POINT('',(79.2499999999998,-179.,-8.));
#2343=CARTESIAN_POINT('',(162.0351,-179.,-8.));
#2344=CARTESIAN_POINT('',(79.2499999999998,-179.,-10.));
#2345=CARTESIAN_POINT('',(162.0351,-179.,-10.));
#2346=CARTESIAN_POINT('',(79.2499999999998,-179.,-8.));
#2347=CARTESIAN_POINT('Origin',(79.2499999999998,-51.5,-8.));
#2348=CARTESIAN_POINT('',(79.2499999999998,-51.5,-8.));
#2349=CARTESIAN_POINT('',(79.2499999999998,-179.,-8.));
#2350=CARTESIAN_POINT('',(79.2499999999998,-51.5,-10.));
#2351=CARTESIAN_POINT('',(79.2499999999998,-179.,-10.));
#2352=CARTESIAN_POINT('',(79.2499999999998,-51.5,-8.));
#2353=CARTESIAN_POINT('Origin',(162.0351,-51.5,-8.));
#2354=CARTESIAN_POINT('',(79.2499999999998,-51.5,-8.));
#2355=CARTESIAN_POINT('',(79.2499999999998,-51.5,-10.));
#2356=CARTESIAN_POINT('Origin',(164.5351,-49.,-8.));
#2357=CARTESIAN_POINT('',(164.5351,-49.,-8.));
#2358=CARTESIAN_POINT('',(164.5351,-181.5,-8.));
#2359=CARTESIAN_POINT('',(164.5351,-49.,-8.));
#2360=CARTESIAN_POINT('',(164.5351,-181.5,-10.));
#2361=CARTESIAN_POINT('',(164.5351,-181.5,-8.));
#2362=CARTESIAN_POINT('',(164.5351,-49.,-10.));
#2363=CARTESIAN_POINT('',(164.5351,-49.,-10.));
#2364=CARTESIAN_POINT('',(164.5351,-49.,-8.));
#2365=CARTESIAN_POINT('Origin',(76.7499999999998,-49.,-8.));
#2366=CARTESIAN_POINT('',(76.7499999999998,-49.,-8.));
#2367=CARTESIAN_POINT('',(76.7499999999998,-49.,-8.));
#2368=CARTESIAN_POINT('',(76.7499999999998,-49.,-10.));
#2369=CARTESIAN_POINT('',(76.7499999999998,-49.,-10.));
#2370=CARTESIAN_POINT('',(76.7499999999998,-49.,-8.));
#2371=CARTESIAN_POINT('Origin',(76.7499999999998,-181.5,-8.));
#2372=CARTESIAN_POINT('',(76.7499999999998,-181.5,-8.));
#2373=CARTESIAN_POINT('',(76.7499999999998,-181.5,-8.));
#2374=CARTESIAN_POINT('',(76.7499999999998,-181.5,-10.));
#2375=CARTESIAN_POINT('',(76.7499999999998,-181.5,-10.));
#2376=CARTESIAN_POINT('',(76.7499999999998,-181.5,-8.));
#2377=CARTESIAN_POINT('Origin',(164.5351,-181.5,-8.));
#2378=CARTESIAN_POINT('',(164.5351,-181.5,-8.));
#2379=CARTESIAN_POINT('',(164.5351,-181.5,-10.));
#2380=CARTESIAN_POINT('Origin',(120.64255,-115.25,-10.));
#2381=CARTESIAN_POINT('Origin',(120.64255,-115.25,-8.));
#2382=CARTESIAN_POINT('Origin',(162.0351,-179.,15.));
#2383=CARTESIAN_POINT('',(87.4373204384619,-76.6423351537438,15.));
#2384=CARTESIAN_POINT('Origin',(84.9373204384619,-76.6423351537438,15.));
#2385=CARTESIAN_POINT('Origin',(162.0351,-179.,15.));
#2386=CARTESIAN_POINT('',(159.695835063373,-173.378404953544,15.));
#2387=CARTESIAN_POINT('Origin',(157.195835063373,-173.378404953544,15.));
#2388=CARTESIAN_POINT('Origin',(162.0351,-179.,15.));
#2389=CARTESIAN_POINT('',(87.2651461334621,-173.365357648801,15.));
#2390=CARTESIAN_POINT('Origin',(84.7651461334621,-173.365357648801,15.));
#2391=CARTESIAN_POINT('Origin',(162.0351,-179.,15.));
#2392=CARTESIAN_POINT('',(159.647888469936,-76.5551434036101,15.));
#2393=CARTESIAN_POINT('Origin',(157.147888469936,-76.5551434036101,15.));
#2394=CARTESIAN_POINT('Origin',(84.7651461334621,-173.365357648801,-8.));
#2395=CARTESIAN_POINT('',(87.2651461334621,-173.365357648801,19.15));
#2396=CARTESIAN_POINT('Origin',(84.7651461334621,-173.365357648801,19.15));
#2397=CARTESIAN_POINT('',(87.2651461334621,-173.365357648801,-8.));
#2398=CARTESIAN_POINT('Origin',(84.7651461334621,-173.365357648801,-8.));
#2399=CARTESIAN_POINT('',(88.265146133462,-173.365357648801,19.15));
#2400=CARTESIAN_POINT('Origin',(84.7651461334621,-173.365357648801,19.15));
#2401=CARTESIAN_POINT('',(88.265146133462,-173.365357648801,-8.));
#2402=CARTESIAN_POINT('',(88.265146133462,-173.365357648801,-8.));
#2403=CARTESIAN_POINT('Origin',(84.7651461334621,-173.365357648801,-8.));
#2404=CARTESIAN_POINT('Origin',(84.7651461334621,-173.365357648801,19.15));
#2405=CARTESIAN_POINT('Origin',(84.9373204384619,-76.6423351537438,-8.));
#2406=CARTESIAN_POINT('',(87.4373204384619,-76.6423351537438,19.15));
#2407=CARTESIAN_POINT('Origin',(84.9373204384619,-76.6423351537438,19.15));
#2408=CARTESIAN_POINT('',(87.4373204384619,-76.6423351537438,-8.));
#2409=CARTESIAN_POINT('Origin',(84.9373204384619,-76.6423351537438,-8.));
#2410=CARTESIAN_POINT('',(88.4373204384619,-76.6423351537438,19.15));
#2411=CARTESIAN_POINT('Origin',(84.9373204384619,-76.6423351537438,19.15));
#2412=CARTESIAN_POINT('',(88.4373204384619,-76.6423351537438,-8.));
#2413=CARTESIAN_POINT('',(88.4373204384619,-76.6423351537438,-8.));
#2414=CARTESIAN_POINT('Origin',(84.9373204384619,-76.6423351537438,-8.));
#2415=CARTESIAN_POINT('Origin',(84.9373204384619,-76.6423351537438,19.15));
#2416=CARTESIAN_POINT('Origin',(157.195835063373,-173.378404953544,-8.));
#2417=CARTESIAN_POINT('',(159.695835063373,-173.378404953544,19.15));
#2418=CARTESIAN_POINT('Origin',(157.195835063373,-173.378404953544,19.15));
#2419=CARTESIAN_POINT('',(159.695835063373,-173.378404953544,-8.));
#2420=CARTESIAN_POINT('Origin',(157.195835063373,-173.378404953544,-8.));
#2421=CARTESIAN_POINT('',(160.695835063373,-173.378404953544,19.15));
#2422=CARTESIAN_POINT('Origin',(157.195835063373,-173.378404953544,19.15));
#2423=CARTESIAN_POINT('',(160.695835063373,-173.378404953544,-8.));
#2424=CARTESIAN_POINT('',(160.695835063373,-173.378404953544,-8.));
#2425=CARTESIAN_POINT('Origin',(157.195835063373,-173.378404953544,-8.));
#2426=CARTESIAN_POINT('Origin',(157.195835063373,-173.378404953544,19.15));
#2427=CARTESIAN_POINT('Origin',(157.147888469936,-76.5551434036101,-8.));
#2428=CARTESIAN_POINT('',(159.647888469936,-76.5551434036101,19.15));
#2429=CARTESIAN_POINT('Origin',(157.147888469936,-76.5551434036101,19.15));
#2430=CARTESIAN_POINT('',(159.647888469936,-76.5551434036101,-8.));
#2431=CARTESIAN_POINT('Origin',(157.147888469936,-76.5551434036101,-8.));
#2432=CARTESIAN_POINT('',(160.647888469936,-76.5551434036101,19.15));
#2433=CARTESIAN_POINT('Origin',(157.147888469936,-76.5551434036101,19.15));
#2434=CARTESIAN_POINT('',(160.647888469936,-76.5551434036101,-8.));
#2435=CARTESIAN_POINT('',(160.647888469936,-76.5551434036101,-8.));
#2436=CARTESIAN_POINT('Origin',(157.147888469936,-76.5551434036101,-8.));
#2437=CARTESIAN_POINT('Origin',(157.147888469936,-76.5551434036101,19.15));
#2438=CARTESIAN_POINT('Origin',(162.0351,-179.,-8.));
#2439=CARTESIAN_POINT('',(162.0351,-179.,-8.));
#2440=CARTESIAN_POINT('',(162.0351,-51.5,-8.));
#2441=CARTESIAN_POINT('',(162.0351,-51.5,-8.));
#2442=CARTESIAN_POINT('',(79.2501000000001,-51.5,-8.));
#2443=CARTESIAN_POINT('',(162.0351,-51.5,-8.));
#2444=CARTESIAN_POINT('',(79.2501000000001,-179.,-8.));
#2445=CARTESIAN_POINT('',(79.2501000000001,-51.5,-8.));
#2446=CARTESIAN_POINT('',(162.0351,-179.,-8.));
#2447=CARTESIAN_POINT('',(147.500002145767,-56.000000834465,-8.));
#2448=CARTESIAN_POINT('Origin',(144.000002145767,-56.000000834465,-8.));
#2449=CARTESIAN_POINT('',(147.500002145767,-145.000002160668,-8.));
#2450=CARTESIAN_POINT('Origin',(144.000002145767,-145.000002160668,-8.));
#2451=CARTESIAN_POINT('',(106.50000153482,-56.000000834465,-8.));
#2452=CARTESIAN_POINT('Origin',(103.00000153482,-56.000000834465,-8.));
#2453=CARTESIAN_POINT('',(105.687135122161,-143.562015532921,-8.));
#2454=CARTESIAN_POINT('Origin',(102.187135122161,-143.562015532921,-8.));
#2455=CARTESIAN_POINT('Origin',(144.000002145767,-56.000000834465,-8.));
#2456=CARTESIAN_POINT('',(147.500002145767,-56.000000834465,0.));
#2457=CARTESIAN_POINT('Origin',(144.000002145767,-56.000000834465,0.));
#2458=CARTESIAN_POINT('',(147.500002145767,-56.000000834465,-8.));
#2459=CARTESIAN_POINT('Origin',(144.000002145767,-56.000000834465,0.));
#2460=CARTESIAN_POINT('Origin',(144.000002145767,-145.000002160668,-8.));
#2461=CARTESIAN_POINT('',(147.500002145767,-145.000002160668,0.));
#2462=CARTESIAN_POINT('Origin',(144.000002145767,-145.000002160668,0.));
#2463=CARTESIAN_POINT('',(147.500002145767,-145.000002160668,-8.));
#2464=CARTESIAN_POINT('Origin',(144.000002145767,-145.000002160668,0.));
#2465=CARTESIAN_POINT('Origin',(103.00000153482,-56.000000834465,-8.));
#2466=CARTESIAN_POINT('',(106.50000153482,-56.000000834465,0.));
#2467=CARTESIAN_POINT('Origin',(103.00000153482,-56.000000834465,0.));
#2468=CARTESIAN_POINT('',(106.50000153482,-56.000000834465,-8.));
#2469=CARTESIAN_POINT('Origin',(103.00000153482,-56.000000834465,0.));
#2470=CARTESIAN_POINT('Origin',(102.187135122161,-143.562015532921,-8.));
#2471=CARTESIAN_POINT('',(105.687135122161,-143.562015532921,0.));
#2472=CARTESIAN_POINT('Origin',(102.187135122161,-143.562015532921,0.));
#2473=CARTESIAN_POINT('',(105.687135122161,-143.562015532921,-8.));
#2474=CARTESIAN_POINT('Origin',(102.187135122161,-143.562015532921,0.));
#2475=CARTESIAN_POINT('Origin',(162.0351,-179.,-10.));
#2476=CARTESIAN_POINT('',(162.0351,-179.,-10.));
#2477=CARTESIAN_POINT('',(162.0351,-179.,-8.));
#2478=CARTESIAN_POINT('',(79.2501000000001,-179.,-10.));
#2479=CARTESIAN_POINT('',(79.2501000000001,-179.,-8.));
#2480=CARTESIAN_POINT('',(162.0351,-179.,-10.));
#2481=CARTESIAN_POINT('Origin',(162.0351,-51.5,-10.));
#2482=CARTESIAN_POINT('',(162.0351,-51.5,-10.));
#2483=CARTESIAN_POINT('',(162.0351,-51.5,-10.));
#2484=CARTESIAN_POINT('',(79.2501000000001,-51.5,-10.));
#2485=CARTESIAN_POINT('',(79.2501000000001,-51.5,-10.));
#2486=CARTESIAN_POINT('',(162.0351,-51.5,-10.));
#2487=CARTESIAN_POINT('Origin',(162.0351,-51.5,-8.));
#2488=CARTESIAN_POINT('',(162.0351,-51.5,-8.));
#2489=CARTESIAN_POINT('',(79.2501000000001,-51.5,-8.));
#2490=CARTESIAN_POINT('Origin',(79.2501000000001,-179.,-8.));
#2491=CARTESIAN_POINT('Origin',(162.0351,-179.,-8.));
#2492=CARTESIAN_POINT('Origin',(79.2499999999998,-179.,20.));
#2493=CARTESIAN_POINT('',(79.2499999999998,-179.,20.));
#2494=CARTESIAN_POINT('',(79.2499999999998,-51.5,20.));
#2495=CARTESIAN_POINT('',(79.2499999999998,-179.,20.));
#2496=CARTESIAN_POINT('',(79.2499999999998,-51.5,23.));
#2497=CARTESIAN_POINT('',(79.2499999999998,-51.5,20.));
#2498=CARTESIAN_POINT('',(79.2499999999998,-179.,23.));
#2499=CARTESIAN_POINT('',(79.2499999999998,-179.,23.));
#2500=CARTESIAN_POINT('',(79.2499999999998,-179.,20.));
#2501=CARTESIAN_POINT('Origin',(162.0351,-179.,20.));
#2502=CARTESIAN_POINT('',(162.0351,-179.,20.));
#2503=CARTESIAN_POINT('',(162.0351,-179.,20.));
#2504=CARTESIAN_POINT('',(162.0351,-179.,23.));
#2505=CARTESIAN_POINT('',(162.0351,-179.,23.));
#2506=CARTESIAN_POINT('',(162.0351,-179.,20.));
#2507=CARTESIAN_POINT('Origin',(162.0351,-51.5,20.));
#2508=CARTESIAN_POINT('',(162.0351,-51.5,20.));
#2509=CARTESIAN_POINT('',(162.0351,-51.5,20.));
#2510=CARTESIAN_POINT('',(162.0351,-51.5,23.));
#2511=CARTESIAN_POINT('',(162.0351,-51.5,23.));
#2512=CARTESIAN_POINT('',(162.0351,-51.5,20.));
#2513=CARTESIAN_POINT('Origin',(79.2499999999998,-51.5,20.));
#2514=CARTESIAN_POINT('',(79.2499999999998,-51.5,20.));
#2515=CARTESIAN_POINT('',(79.2499999999998,-51.5,23.));
#2516=CARTESIAN_POINT('Origin',(76.7499999999998,-49.,20.));
#2517=CARTESIAN_POINT('',(76.7499999999998,-49.,20.));
#2518=CARTESIAN_POINT('',(76.7499999999998,-181.5,20.));
#2519=CARTESIAN_POINT('',(76.7499999999998,-181.5,20.));
#2520=CARTESIAN_POINT('',(76.7499999999998,-181.5,23.));
#2521=CARTESIAN_POINT('',(76.7499999999998,-181.5,20.));
#2522=CARTESIAN_POINT('',(76.7499999999998,-49.,23.));
#2523=CARTESIAN_POINT('',(76.7499999999998,-181.5,23.));
#2524=CARTESIAN_POINT('',(76.7499999999998,-49.,20.));
#2525=CARTESIAN_POINT('Origin',(164.5351,-49.,20.));
#2526=CARTESIAN_POINT('',(164.5351,-49.,20.));
#2527=CARTESIAN_POINT('',(76.7499999999998,-49.,20.));
#2528=CARTESIAN_POINT('',(164.5351,-49.,23.));
#2529=CARTESIAN_POINT('',(76.7499999999998,-49.,23.));
#2530=CARTESIAN_POINT('',(164.5351,-49.,20.));
#2531=CARTESIAN_POINT('Origin',(164.5351,-181.5,20.));
#2532=CARTESIAN_POINT('',(164.5351,-181.5,20.));
#2533=CARTESIAN_POINT('',(164.5351,-49.,20.));
#2534=CARTESIAN_POINT('',(164.5351,-181.5,23.));
#2535=CARTESIAN_POINT('',(164.5351,-49.,23.));
#2536=CARTESIAN_POINT('',(164.5351,-181.5,20.));
#2537=CARTESIAN_POINT('Origin',(76.7499999999998,-181.5,20.));
#2538=CARTESIAN_POINT('',(164.5351,-181.5,20.));
#2539=CARTESIAN_POINT('',(164.5351,-181.5,23.));
#2540=CARTESIAN_POINT('Origin',(120.64255,-115.25,23.));
#2541=CARTESIAN_POINT('Origin',(120.64255,-115.25,20.));
#2542=CARTESIAN_POINT('Origin',(113.054921799273,-72.6074532229151,23.));
#2543=CARTESIAN_POINT('',(113.054921799273,-68.1206591848696,20.));
#2544=CARTESIAN_POINT('',(113.054921799273,-72.6074532229151,20.));
#2545=CARTESIAN_POINT('',(113.054921799273,-62.0537266114576,20.));
#2546=CARTESIAN_POINT('',(113.054921799273,-68.1206591848696,23.));
#2547=CARTESIAN_POINT('',(113.054921799273,-68.1206591848696,23.));
#2548=CARTESIAN_POINT('',(113.054921799273,-72.6074532229151,23.));
#2549=CARTESIAN_POINT('',(113.054921799273,-125.803726611458,23.));
#2550=CARTESIAN_POINT('',(113.054921799273,-72.6074532229151,23.));
#2551=CARTESIAN_POINT('Origin',(125.,-72.6074532229151,23.));
#2552=CARTESIAN_POINT('',(125.,-72.6074532229151,20.));
#2553=CARTESIAN_POINT('',(143.51755,-72.6074532229151,20.));
#2554=CARTESIAN_POINT('',(125.,-72.6074532229151,23.));
#2555=CARTESIAN_POINT('',(143.51755,-72.6074532229151,23.));
#2556=CARTESIAN_POINT('',(125.,-72.6074532229151,23.));
#2557=CARTESIAN_POINT('Origin',(125.,-68.1206591848696,23.));
#2558=CARTESIAN_POINT('',(125.,-68.1206591848696,20.));
#2559=CARTESIAN_POINT('',(125.,-59.8103295924348,20.));
#2560=CARTESIAN_POINT('',(125.,-68.1206591848696,23.));
#2561=CARTESIAN_POINT('',(125.,-123.560329592435,23.));
#2562=CARTESIAN_POINT('',(125.,-68.1206591848696,23.));
#2563=CARTESIAN_POINT('Origin',(133.102299416073,-68.1206591848696,23.));
#2564=CARTESIAN_POINT('',(133.102299416073,-68.1206591848696,20.));
#2565=CARTESIAN_POINT('',(147.568699708036,-68.1206591848696,20.));
#2566=CARTESIAN_POINT('',(133.102299416073,-68.1206591848696,23.));
#2567=CARTESIAN_POINT('',(147.568699708036,-68.1206591848696,23.));
#2568=CARTESIAN_POINT('',(133.102299416073,-68.1206591848696,23.));
#2569=CARTESIAN_POINT('Origin',(133.102299416073,-59.7198533264014,23.));
#2570=CARTESIAN_POINT('',(133.102299416073,-59.7198533264014,20.));
#2571=CARTESIAN_POINT('',(133.102299416073,-55.6099266632007,20.));
#2572=CARTESIAN_POINT('',(133.102299416073,-59.7198533264014,23.));
#2573=CARTESIAN_POINT('',(133.102299416073,-119.359926663201,23.));
#2574=CARTESIAN_POINT('',(133.102299416073,-59.7198533264014,23.));
#2575=CARTESIAN_POINT('Origin',(125.,-59.7198533264014,23.));
#2576=CARTESIAN_POINT('',(125.,-59.7198533264014,20.));
#2577=CARTESIAN_POINT('',(143.51755,-59.7198533264014,20.));
#2578=CARTESIAN_POINT('',(125.,-59.7198533264014,23.));
#2579=CARTESIAN_POINT('',(143.51755,-59.7198533264014,23.));
#2580=CARTESIAN_POINT('',(125.,-59.7198533264014,23.));
#2581=CARTESIAN_POINT('Origin',(125.,-55.,23.));
#2582=CARTESIAN_POINT('',(125.,-55.,20.));
#2583=CARTESIAN_POINT('',(125.,-53.25,20.));
#2584=CARTESIAN_POINT('',(125.,-55.,23.));
#2585=CARTESIAN_POINT('',(125.,-117.,23.));
#2586=CARTESIAN_POINT('',(125.,-55.,23.));
#2587=CARTESIAN_POINT('Origin',(113.054921799273,-55.,23.));
#2588=CARTESIAN_POINT('',(113.054921799273,-55.,20.));
#2589=CARTESIAN_POINT('',(137.545010899637,-55.,20.));
#2590=CARTESIAN_POINT('',(113.054921799273,-55.,23.));
#2591=CARTESIAN_POINT('',(137.545010899637,-55.,23.));
#2592=CARTESIAN_POINT('',(113.054921799273,-55.,23.));
#2593=CARTESIAN_POINT('Origin',(113.054921799273,-59.43346221759,23.));
#2594=CARTESIAN_POINT('',(113.054921799273,-59.43346221759,20.));
#2595=CARTESIAN_POINT('',(113.054921799273,-55.466731108795,20.));
#2596=CARTESIAN_POINT('',(113.054921799273,-59.43346221759,23.));
#2597=CARTESIAN_POINT('',(113.054921799273,-119.216731108795,23.));
#2598=CARTESIAN_POINT('',(113.054921799273,-59.43346221759,23.));
#2599=CARTESIAN_POINT('Origin',(105.,-59.43346221759,23.));
#2600=CARTESIAN_POINT('',(105.,-59.43346221759,20.));
#2601=CARTESIAN_POINT('',(133.51755,-59.43346221759,20.));
#2602=CARTESIAN_POINT('',(105.,-59.43346221759,23.));
#2603=CARTESIAN_POINT('',(133.51755,-59.43346221759,23.));
#2604=CARTESIAN_POINT('',(105.,-59.43346221759,23.));
#2605=CARTESIAN_POINT('Origin',(105.,-68.1206591848696,23.));
#2606=CARTESIAN_POINT('',(105.,-68.1206591848696,20.));
#2607=CARTESIAN_POINT('',(105.,-59.8103295924348,20.));
#2608=CARTESIAN_POINT('',(105.,-68.1206591848696,23.));
#2609=CARTESIAN_POINT('',(105.,-123.560329592435,23.));
#2610=CARTESIAN_POINT('',(105.,-68.1206591848696,23.));
#2611=CARTESIAN_POINT('Origin',(113.054921799273,-68.1206591848696,23.));
#2612=CARTESIAN_POINT('',(137.545010899637,-68.1206591848696,20.));
#2613=CARTESIAN_POINT('',(137.545010899637,-68.1206591848696,23.));
#2614=CARTESIAN_POINT('Origin',(151.294482640751,-82.2915296185045,23.));
#2615=CARTESIAN_POINT('',(151.294482640751,-168.252771325142,20.));
#2616=CARTESIAN_POINT('',(151.294482640751,-82.2915296185045,20.));
#2617=CARTESIAN_POINT('',(151.294482640751,-66.8957648092523,20.));
#2618=CARTESIAN_POINT('',(151.294482640751,-168.252771325142,23.));
#2619=CARTESIAN_POINT('',(151.294482640751,-168.252771325142,23.));
#2620=CARTESIAN_POINT('',(151.294482640751,-82.2915296185045,23.));
#2621=CARTESIAN_POINT('',(151.294482640751,-130.645764809252,23.));
#2622=CARTESIAN_POINT('',(151.294482640751,-82.2915296185045,23.));
#2623=CARTESIAN_POINT('Origin',(84.7229947025279,-82.2915296185045,23.));
#2624=CARTESIAN_POINT('',(84.7229947025279,-82.2915296185045,20.));
#2625=CARTESIAN_POINT('',(123.379047351264,-82.2915296185045,20.));
#2626=CARTESIAN_POINT('',(84.7229947025279,-82.2915296185045,23.));
#2627=CARTESIAN_POINT('',(123.379047351264,-82.2915296185045,23.));
#2628=CARTESIAN_POINT('',(84.7229947025279,-82.2915296185045,23.));
#2629=CARTESIAN_POINT('Origin',(84.7229947025279,-168.252771325142,23.));
#2630=CARTESIAN_POINT('',(84.7229947025279,-168.252771325142,20.));
#2631=CARTESIAN_POINT('',(84.7229947025279,-109.876385662571,20.));
#2632=CARTESIAN_POINT('',(84.7229947025279,-168.252771325142,23.));
#2633=CARTESIAN_POINT('',(84.7229947025279,-173.626385662571,23.));
#2634=CARTESIAN_POINT('',(84.7229947025279,-168.252771325142,23.));
#2635=CARTESIAN_POINT('Origin',(151.294482640751,-168.252771325142,23.));
#2636=CARTESIAN_POINT('',(156.664791320375,-168.252771325142,20.));
#2637=CARTESIAN_POINT('',(156.664791320375,-168.252771325142,23.));
#2638=CARTESIAN_POINT('Origin',(162.0351,-51.5,23.));
#2639=CARTESIAN_POINT('',(162.0351,-51.5,20.));
#2640=CARTESIAN_POINT('',(162.0351,-51.5,23.));
#2641=CARTESIAN_POINT('',(162.0351,-51.5,20.));
#2642=CARTESIAN_POINT('',(79.2501000000001,-51.5,20.));
#2643=CARTESIAN_POINT('',(162.0351,-51.5,20.));
#2644=CARTESIAN_POINT('',(79.2501000000001,-51.5,23.));
#2645=CARTESIAN_POINT('',(79.2501000000001,-51.5,20.));
#2646=CARTESIAN_POINT('',(162.0351,-51.5,23.));
#2647=CARTESIAN_POINT('Origin',(162.0351,-179.,23.));
#2648=CARTESIAN_POINT('',(162.0351,-179.,23.));
#2649=CARTESIAN_POINT('',(162.0351,-51.5,23.));
#2650=CARTESIAN_POINT('',(79.2501000000001,-179.,23.));
#2651=CARTESIAN_POINT('',(79.2501000000001,-51.5,23.));
#2652=CARTESIAN_POINT('',(162.0351,-179.,23.));
#2653=CARTESIAN_POINT('Origin',(162.0351,-179.,20.));
#2654=CARTESIAN_POINT('',(162.0351,-179.,20.));
#2655=CARTESIAN_POINT('',(162.0351,-179.,20.));
#2656=CARTESIAN_POINT('',(79.2501000000001,-179.,20.));
#2657=CARTESIAN_POINT('',(79.2501000000001,-179.,20.));
#2658=CARTESIAN_POINT('',(162.0351,-179.,20.));
#2659=CARTESIAN_POINT('Origin',(162.0351,-51.5,20.));
#2660=CARTESIAN_POINT('',(162.0351,-51.5,20.));
#2661=CARTESIAN_POINT('',(79.2501000000001,-51.5,20.));
#2662=CARTESIAN_POINT('Origin',(79.2501000000001,-51.5,20.));
#2663=CARTESIAN_POINT('Origin',(162.0351,-51.5,20.));
#2664=UNCERTAINTY_MEASURE_WITH_UNIT(LENGTH_MEASURE(0.01),#2668,
'DISTANCE_ACCURACY_VALUE',
'Maximum model space distance between geometric entities at asserted c
onnectivities');
#2665=UNCERTAINTY_MEASURE_WITH_UNIT(LENGTH_MEASURE(0.01),#2668,
'DISTANCE_ACCURACY_VALUE',
'Maximum model space distance between geometric entities at asserted c
onnectivities');
#2666=(
GEOMETRIC_REPRESENTATION_CONTEXT(3)
GLOBAL_UNCERTAINTY_ASSIGNED_CONTEXT((#2664))
GLOBAL_UNIT_ASSIGNED_CONTEXT((#2668,#2669,#2670))
REPRESENTATION_CONTEXT('','3D')
);
#2667=(
GEOMETRIC_REPRESENTATION_CONTEXT(3)
GLOBAL_UNCERTAINTY_ASSIGNED_CONTEXT((#2665))
GLOBAL_UNIT_ASSIGNED_CONTEXT((#2668,#2669,#2670))
REPRESENTATION_CONTEXT('','3D')
);
#2668=(
LENGTH_UNIT()
NAMED_UNIT(*)
SI_UNIT(.MILLI.,.METRE.)
);
#2669=(
NAMED_UNIT(*)
PLANE_ANGLE_UNIT()
SI_UNIT($,.RADIAN.)
);
#2670=(
NAMED_UNIT(*)
SI_UNIT($,.STERADIAN.)
SOLID_ANGLE_UNIT()
);
#2671=SHAPE_DEFINITION_REPRESENTATION(#2672,#2673);
#2672=PRODUCT_DEFINITION_SHAPE('',$,#2675);
#2673=SHAPE_REPRESENTATION('',(#1660),#2666);
#2674=PRODUCT_DEFINITION_CONTEXT('part definition',#2679,'design');
#2675=PRODUCT_DEFINITION('Libre 1','Libre_PCB',#2676,#2674);
#2676=PRODUCT_DEFINITION_FORMATION('',$,#2681);
#2677=PRODUCT_RELATED_PRODUCT_CATEGORY('Libre_PCB','Libre_PCB',(#2681));
#2678=APPLICATION_PROTOCOL_DEFINITION('international standard',
'automotive_design',2009,#2679);
#2679=APPLICATION_CONTEXT(
'Core Data for Automotive Mechanical Design Process');
#2680=PRODUCT_CONTEXT('part definition',#2679,'mechanical');
#2681=PRODUCT('Libre 1','Libre_PCB','KiCad electronic assembly',(#2680));
#2682=PRESENTATION_STYLE_ASSIGNMENT((#2683));
#2683=SURFACE_STYLE_USAGE(.BOTH.,#2684);
#2684=SURFACE_SIDE_STYLE('',(#2685));
#2685=SURFACE_STYLE_FILL_AREA(#2686);
#2686=FILL_AREA_STYLE('Steel - Satin',(#2687));
#2687=FILL_AREA_STYLE_COLOUR('Steel - Satin',#2688);
#2688=COLOUR_RGB('Steel - Satin',0.627450980392157,0.627450980392157,0.627450980392157);
ENDSEC;
END-ISO-10303-21;
